Date,Price,Open,High,Low,Vol.,Change %
Sep 09 2019,216.60,217.25,217.50,216.25,56.57K,-0.32%
Sep 06 2019,217.30,214.25,217.30,214.15,954.76K,1.02%
Sep 05 2019,215.10,207.80,215.15,207.65,1.52M,5.08%
Sep 04 2019,204.70,203.45,205.25,202.80,814.32K,1.71%
Sep 03 2019,201.25,199.86,202.40,199.30,902.13K,0.27%
Sep 02 2019,200.70,202.50,203.75,200.05,520.07K,-0.77%
Aug 30 2019,202.25,200.50,202.90,200.45,898.27K,1.42%
Aug 29 2019,199.42,194.08,200.30,193.98,871.64K,2.74%
Aug 28 2019,194.10,192.56,194.10,191.08,784.64K,0.33%
Aug 27 2019,193.46,192.10,194.30,190.70,897.93K,0.54%
Aug 26 2019,192.42,189.12,193.32,188.90,638.19K,1.19%
Aug 23 2019,190.16,195.42,196.28,190.16,895.20K,-1.82%
Aug 22 2019,193.68,195.46,196.66,192.82,721.57K,-1.18%
Aug 21 2019,196.00,193.98,197.66,193.82,689.07K,0.90%
Aug 20 2019,194.26,194.90,196.20,193.24,654.05K,-0.42%
Aug 19 2019,195.08,193.98,195.84,193.18,800.19K,1.91%
Aug 16 2019,191.42,189.46,192.12,188.74,1.11M,1.79%
Aug 15 2019,188.06,189.28,190.26,185.00,1.11M,0.41%
Aug 14 2019,187.30,196.42,197.16,185.66,1.33M,-4.19%
Aug 13 2019,195.50,191.40,197.42,188.34,1.34M,1.82%
Aug 12 2019,192.00,192.50,194.82,190.92,741.40K,0.23%
Aug 09 2019,191.56,195.00,196.32,190.28,990.77K,-2.15%
Aug 08 2019,195.76,194.54,195.76,192.86,1.08M,2.71%
Aug 07 2019,190.60,192.80,194.96,189.08,1.21M,0.31%
Aug 06 2019,190.02,190.82,193.70,190.02,1.04M,-0.43%
Aug 05 2019,190.84,194.02,194.50,190.46,1.43M,-3.40%
Aug 02 2019,197.56,198.50,201.85,196.54,1.82M,-4.81%
Aug 01 2019,207.55,201.00,207.55,200.00,813.09K,2.34%
Jul 31 2019,202.80,204.15,206.15,202.80,955.31K,-1.07%
Jul 30 2019,205.00,207.25,207.55,203.55,744.68K,-0.51%
Jul 29 2019,206.05,207.10,208.35,206.05,559.96K,-1.13%
Jul 26 2019,208.40,208.00,209.10,207.20,668.13K,0.34%
Jul 25 2019,207.70,209.90,211.50,206.00,1.18M,-0.84%
Jul 24 2019,209.45,206.50,209.90,205.55,974.37K,1.72%
Jul 23 2019,205.90,204.40,207.85,204.15,1.19M,1.83%
Jul 22 2019,202.20,200.10,202.45,198.66,1.03M,1.35%
Jul 19 2019,199.50,202.00,202.70,198.44,1.29M,0.00%
Jul 18 2019,199.50,193.26,200.60,193.16,1.56M,2.84%
Jul 17 2019,194.00,185.00,195.48,185.00,2.06M,5.17%
Jul 16 2019,184.46,183.74,184.46,182.14,789.32K,0.33%
Jul 15 2019,183.86,184.70,185.92,183.46,739.54K,-0.40%
Jul 12 2019,184.60,185.36,186.14,184.24,676.45K,-0.25%
Jul 11 2019,185.06,185.76,186.44,184.30,919.68K,0.31%
Jul 10 2019,184.48,183.84,186.10,183.36,719.13K,0.30%
Jul 09 2019,183.92,185.82,186.30,182.74,821.19K,-1.02%
Jul 08 2019,185.82,184.96,186.90,184.20,641.03K,0.05%
Jul 05 2019,185.72,188.50,188.58,184.72,1.02M,-1.79%
Jul 04 2019,189.10,190.36,190.84,188.90,447.16K,-0.32%
Jul 03 2019,189.70,189.50,190.96,188.86,718.81K,0.00%
Jul 02 2019,189.70,190.14,190.72,189.08,825.68K,0.18%
Jul 01 2019,189.36,189.10,191.00,188.66,1.39M,3.06%
Jun 28 2019,183.74,179.72,184.24,179.56,1.07M,2.25%
Jun 27 2019,179.70,180.40,181.30,178.60,889.22K,0.39%
Jun 26 2019,179.00,176.90,180.50,176.82,1.04M,0.94%
Jun 25 2019,177.34,177.42,179.18,177.12,673.32K,-0.19%
Jun 24 2019,177.68,178.50,179.56,177.48,756.46K,-0.57%
Jun 21 2019,178.70,178.14,178.94,176.82,1.94M,0.18%
Jun 20 2019,178.38,176.56,180.22,176.38,1.18M,1.94%
Jun 19 2019,174.98,174.68,175.50,174.16,850.50K,0.77%
Jun 18 2019,173.64,168.84,174.40,166.32,1.58M,1.90%
Jun 17 2019,170.40,172.38,172.38,170.38,620.16K,-0.37%
Jun 14 2019,171.04,172.00,172.06,167.86,1.19M,-2.26%
Jun 13 2019,175.00,174.20,175.84,172.96,694.55K,0.00%
Jun 12 2019,175.00,176.00,177.06,174.42,798.67K,-1.34%
Jun 11 2019,177.38,176.10,178.98,176.08,819.61K,1.36%
Jun 10 2019,175.00,174.98,175.96,172.96,615.33K,0.69%
Jun 07 2019,173.80,170.72,175.08,170.70,1.09M,2.30%
Jun 06 2019,169.90,168.84,171.48,168.28,784.64K,0.51%
Jun 05 2019,169.04,169.96,170.74,167.82,868.51K,0.31%
Jun 04 2019,168.52,166.20,169.08,165.04,1.35M,-0.52%
Jun 03 2019,169.40,167.46,169.40,166.34,1.15M,0.06%
May 31 2019,169.30,168.78,169.88,168.00,1.05M,-0.98%
May 30 2019,170.98,169.50,171.86,169.04,468.68K,1.29%
May 29 2019,168.80,170.00,170.50,168.38,1.20M,-1.95%
May 28 2019,172.16,172.82,173.84,170.86,3.14M,-0.40%
May 27 2019,172.86,171.80,173.40,171.34,373.72K,1.44%
May 24 2019,170.40,171.44,172.80,169.66,746.35K,0.02%
May 23 2019,170.36,170.00,171.50,168.00,1.28M,-1.45%
May 22 2019,172.86,173.12,173.22,170.34,988.98K,-0.51%
May 21 2019,173.74,172.76,175.10,172.08,1.25M,1.41%
May 20 2019,171.32,180.00,180.26,170.66,1.97M,-6.29%
May 17 2019,182.82,180.80,183.20,180.06,1.31M,0.66%
May 16 2019,181.62,178.80,182.22,176.94,1.11M,1.33%
May 15 2019,179.24,177.56,179.24,174.00,1.04M,1.67%
May 14 2019,176.30,171.80,176.30,171.28,1.20M,3.10%
May 13 2019,171.00,176.50,176.50,170.36,1.27M,-2.46%
May 10 2019,175.32,177.80,178.44,174.40,1.07M,0.72%
May 09 2019,174.06,179.30,179.30,173.48,1.01M,-4.03%
May 08 2019,181.36,178.58,181.72,178.06,1.15M,1.05%
May 07 2019,179.48,182.34,184.18,178.48,1.06M,-1.49%
May 06 2019,182.20,182.00,182.42,179.06,1.02M,-1.73%
May 03 2019,185.40,184.88,185.86,184.30,835.14K,0.73%
May 02 2019,184.06,184.50,185.58,183.58,994.94K,-0.80%
Apr 30 2019,185.54,184.50,185.78,183.76,1.01M,0.25%
Apr 29 2019,185.08,185.00,185.32,183.54,849.95K,0.18%
Apr 26 2019,184.74,182.40,185.48,181.90,1.58M,-0.33%
Apr 25 2019,185.36,185.40,186.02,183.12,1.15M,-0.02%
Apr 24 2019,185.40,182.36,185.58,182.16,1.08M,1.34%
Apr 23 2019,182.94,182.02,183.48,181.48,923.95K,-0.15%
Apr 18 2019,183.22,178.00,184.26,178.00,1.86M,1.80%
Apr 17 2019,179.98,182.00,185.42,178.24,1.97M,-0.12%
Apr 16 2019,180.20,177.06,180.36,175.70,1.25M,1.77%
Apr 15 2019,177.06,179.30,179.84,176.34,946.09K,-0.93%
Apr 12 2019,178.72,175.58,178.72,175.30,876.90K,1.37%
Apr 11 2019,176.30,174.40,176.76,173.74,1.21M,-0.84%
Apr 10 2019,177.80,179.40,179.88,177.10,1.03M,-0.78%
Apr 09 2019,179.20,179.00,181.50,175.40,1.20M,-0.30%
Apr 08 2019,179.74,179.00,179.74,178.72,1.03M,0.23%
Apr 05 2019,179.32,176.98,179.48,176.88,1.06M,1.40%
Apr 04 2019,176.84,175.60,177.48,175.00,1.08M,0.35%
Apr 03 2019,176.22,174.48,176.22,174.38,1.46M,2.16%
Apr 02 2019,172.50,171.18,173.40,170.92,921.80K,1.17%
Apr 01 2019,170.50,169.00,170.80,168.52,1.07M,1.97%
Mar 29 2019,167.20,164.50,167.20,164.04,1.21M,2.35%
Mar 28 2019,163.36,163.02,164.76,162.52,733.94K,0.05%
Mar 27 2019,163.28,166.40,166.96,162.86,1.70M,-1.64%
Mar 26 2019,166.00,164.78,166.30,163.68,1.17M,0.55%
Mar 25 2019,165.10,165.32,165.94,163.16,1.01M,-1.32%
Mar 22 2019,167.30,170.50,171.98,166.72,1.26M,-1.34%
Mar 21 2019,169.58,168.00,169.98,165.80,1.24M,2.05%
Mar 20 2019,166.18,168.12,168.20,166.18,966.75K,-1.07%
Mar 19 2019,167.98,168.20,169.62,167.30,958.64K,0.35%
Mar 18 2019,167.40,169.90,169.98,167.02,827.03K,-1.36%
Mar 15 2019,169.70,163.10,170.10,162.52,3.62M,4.65%
Mar 14 2019,162.16,161.14,163.08,160.64,1.14M,0.15%
Mar 13 2019,161.92,161.16,162.60,160.98,1.03M,-0.05%
Mar 12 2019,162.00,162.40,162.40,160.24,1.00M,0.51%
Mar 11 2019,161.18,159.76,161.42,157.92,971.67K,1.82%
Mar 08 2019,158.30,155.50,158.38,155.22,1.20M,-0.69%
Mar 07 2019,159.40,160.30,160.90,158.36,1.62M,-0.96%
Mar 06 2019,160.94,163.90,164.08,160.68,895.84K,-1.82%
Mar 05 2019,163.92,163.60,164.18,162.40,842.80K,0.02%
Mar 04 2019,163.88,163.70,165.00,161.62,964.11K,1.50%
Mar 01 2019,161.46,161.12,163.04,161.12,1.04M,0.21%
Feb 28 2019,161.12,159.74,161.38,157.06,1.07M,-0.35%
Feb 27 2019,161.68,162.74,162.74,160.18,853.15K,-1.20%
Feb 26 2019,163.64,164.50,164.52,162.94,927.98K,-0.80%
Feb 25 2019,164.96,163.94,165.74,163.68,894.96K,1.29%
Feb 22 2019,162.86,161.50,163.30,161.50,856.13K,1.56%
Feb 21 2019,160.36,161.48,162.40,159.64,1.08M,-0.91%
Feb 20 2019,161.84,160.96,162.20,159.80,872.86K,0.43%
Feb 19 2019,161.14,162.30,162.52,159.86,821.77K,-0.53%
Feb 18 2019,162.00,163.24,163.24,161.78,681.29K,-0.66%
Feb 15 2019,163.08,161.68,164.48,161.36,1.45M,0.34%
Feb 14 2019,162.52,163.24,163.70,161.58,1.23M,0.74%
Feb 13 2019,161.32,161.78,162.50,160.32,1.26M,0.46%
Feb 12 2019,160.58,159.72,161.36,159.20,1.08M,1.18%
Feb 11 2019,158.70,160.02,160.56,158.16,1.09M,0.65%
Feb 08 2019,157.68,158.20,160.18,156.66,1.32M,-1.45%
Feb 07 2019,160.00,163.38,165.32,160.00,1.94M,-2.44%
Feb 06 2019,164.00,158.52,164.00,158.30,1.79M,3.40%
Feb 05 2019,158.60,155.90,159.18,155.90,1.57M,1.34%
Feb 04 2019,156.50,156.42,156.66,155.40,1.34M,0.64%
Feb 01 2019,155.50,153.80,155.50,152.96,1.35M,1.49%
Jan 31 2019,153.22,154.60,154.90,151.24,1.33M,0.47%
Jan 30 2019,152.50,153.10,154.44,152.20,1.14M,0.55%
Jan 29 2019,151.66,152.28,153.08,151.06,1.30M,-1.03%
Jan 28 2019,153.24,154.44,154.62,149.90,1.85M,-0.78%
Jan 25 2019,154.44,150.24,154.70,148.24,2.19M,3.79%
Jan 24 2019,148.80,143.00,149.12,142.56,2.68M,4.33%
Jan 23 2019,142.62,136.30,144.36,134.50,2.96M,0.89%
Jan 22 2019,141.36,142.12,142.90,140.08,1.33M,-1.52%
Jan 21 2019,143.54,143.00,144.00,142.24,982.47K,0.46%
Jan 18 2019,142.88,139.12,143.04,138.40,1.96M,3.91%
Jan 17 2019,137.50,138.18,138.18,136.28,1.18M,-1.15%
Jan 16 2019,139.10,140.58,140.86,138.60,1.14M,-0.30%
Jan 15 2019,139.52,140.48,141.34,138.50,1.10M,0.45%
Jan 14 2019,138.90,139.56,140.82,138.00,1.19M,-1.34%
Jan 11 2019,140.78,141.50,141.50,139.74,1.02M,0.46%
Jan 10 2019,140.14,140.00,140.60,138.74,917.27K,-0.61%
Jan 09 2019,141.00,138.06,141.46,137.68,1.66M,3.59%
Jan 08 2019,136.12,136.98,138.92,135.26,1.21M,-0.67%
Jan 07 2019,137.04,136.00,137.32,134.88,1.17M,2.50%
Jan 04 2019,133.70,132.16,134.36,131.14,1.47M,1.49%
Jan 03 2019,131.74,133.48,133.90,130.12,1.77M,-4.16%
Jan 02 2019,137.46,135.60,138.28,132.96,1.08M,0.22%
Dec 31 2018,137.16,135.80,137.64,135.70,278.13K,0.40%
Dec 28 2018,136.62,134.14,137.64,133.00,1.13M,3.02%
Dec 27 2018,132.62,134.76,135.48,131.16,1.22M,1.33%
Dec 24 2018,130.88,130.36,133.78,130.30,294.73K,-1.58%
Dec 21 2018,132.98,133.42,134.20,130.86,3.47M,-1.34%
Dec 20 2018,134.78,135.60,137.92,134.16,2.70M,-4.40%
Dec 19 2018,140.98,140.30,142.56,138.06,1.70M,-1.51%
Dec 18 2018,143.14,142.20,144.84,141.56,1.48M,-0.93%
Dec 17 2018,144.48,143.06,144.58,141.20,1.05M,0.28%
Dec 14 2018,144.08,142.24,145.40,139.64,1.25M,-0.44%
Dec 13 2018,144.72,147.36,147.40,143.54,1.22M,-1.12%
Dec 12 2018,146.36,144.94,147.20,143.60,1.46M,2.39%
Dec 11 2018,142.94,143.18,145.58,141.90,1.36M,1.64%
Dec 10 2018,140.64,139.32,143.00,138.70,1.75M,-0.65%
Dec 07 2018,141.56,145.34,146.00,141.56,1.41M,-1.39%
Dec 06 2018,143.56,147.00,147.00,142.62,1.78M,-3.86%
Dec 05 2018,149.32,150.20,151.96,149.32,1.09M,-2.51%
Dec 04 2018,153.16,155.00,155.00,152.72,1.60M,-0.57%
Dec 03 2018,154.04,155.00,155.48,152.70,2.08M,3.31%
Nov 30 2018,149.10,149.60,150.32,148.02,1.94M,-1.41%
Nov 29 2018,151.24,152.68,153.28,150.18,1.65M,0.92%
Nov 28 2018,149.86,149.18,151.54,148.48,1.45M,0.86%
Nov 27 2018,148.58,147.50,148.92,146.18,1.44M,1.31%
Nov 26 2018,146.66,147.00,148.76,144.70,1.72M,1.49%
Nov 23 2018,144.50,144.00,144.98,142.34,1.23M,1.23%
Nov 22 2018,142.74,144.30,144.52,142.34,977.06K,-1.76%
Nov 21 2018,145.30,144.00,146.06,142.72,2.04M,2.85%
Nov 20 2018,141.28,141.50,142.58,136.28,2.90M,-1.86%
Nov 19 2018,143.96,148.54,150.48,143.80,1.70M,-2.56%
Nov 16 2018,147.74,152.96,153.36,147.46,3.02M,-2.99%
Nov 15 2018,152.30,153.00,153.34,149.48,1.86M,-0.47%
Nov 14 2018,153.02,151.02,154.24,149.02,1.52M,-0.09%
Nov 13 2018,153.16,150.40,153.84,149.46,1.62M,2.86%
Nov 12 2018,148.90,155.26,155.62,148.24,1.95M,-2.18%
Nov 09 2018,152.22,152.66,152.98,150.54,1.59M,-0.92%
Nov 08 2018,153.64,159.00,159.24,152.82,2.01M,-0.71%
Nov 07 2018,154.74,154.48,156.00,153.38,1.72M,0.17%
Nov 06 2018,154.48,151.62,155.56,149.08,1.78M,2.79%
Nov 05 2018,150.28,153.00,153.26,148.80,1.32M,-1.71%
Nov 02 2018,152.90,155.00,158.10,152.22,2.06M,0.62%
Nov 01 2018,151.96,152.50,152.68,148.86,1.87M,0.69%
Oct 31 2018,150.92,149.00,152.22,148.72,2.12M,2.15%
Oct 30 2018,147.74,145.92,148.92,144.62,2.02M,1.74%
Oct 29 2018,145.22,147.00,149.86,145.16,1.26M,-0.51%
Oct 26 2018,145.96,146.54,146.54,142.64,2.23M,-1.06%
Oct 25 2018,147.52,139.10,148.00,138.26,2.16M,3.55%
Oct 24 2018,142.46,148.72,149.66,142.04,2.51M,-3.65%
Oct 23 2018,147.86,149.96,150.10,143.64,2.71M,-3.22%
Oct 22 2018,152.78,155.40,157.00,151.86,1.25M,-0.68%
Oct 19 2018,153.82,156.24,157.76,152.56,2.19M,-0.97%
Oct 18 2018,155.32,158.58,160.14,155.32,1.79M,-3.16%
Oct 17 2018,160.38,164.50,166.16,159.82,3.17M,3.47%
Oct 16 2018,155.00,150.00,155.26,149.54,1.57M,3.21%
Oct 15 2018,150.18,149.78,150.60,147.14,1.36M,0.54%
Oct 12 2018,149.38,157.14,157.14,148.76,2.14M,-0.41%
Oct 11 2018,150.00,144.22,155.68,140.34,3.21M,-0.24%
Oct 10 2018,150.36,158.60,158.60,150.04,2.26M,-5.51%
Oct 09 2018,159.12,158.62,159.82,155.04,1.18M,0.87%
Oct 08 2018,157.74,159.86,160.02,157.44,1.12M,-1.57%
Oct 05 2018,160.26,162.92,162.94,159.16,1.27M,-1.56%
Oct 04 2018,162.80,165.46,166.00,161.70,1.21M,-1.26%
Oct 03 2018,164.88,166.58,166.76,164.68,872.84K,-0.51%
Oct 02 2018,165.72,163.56,166.42,161.80,1.15M,0.50%
Oct 01 2018,164.90,162.50,165.90,162.08,1.04M,2.49%
Sep 28 2018,160.90,162.00,163.18,159.18,1.53M,-0.95%
Sep 27 2018,162.44,160.84,162.44,159.66,1.01M,0.56%
Sep 26 2018,161.54,162.48,162.84,159.12,1.28M,-0.44%
Sep 25 2018,162.26,162.82,164.16,161.28,1.07M,0.07%
Sep 24 2018,162.14,160.62,162.38,160.00,920.25K,0.28%
Sep 21 2018,161.68,163.10,163.10,159.96,2.57M,-0.15%
Sep 20 2018,161.92,162.18,163.38,160.52,1.69M,0.55%
Sep 19 2018,161.04,160.88,161.32,159.68,1.40M,0.49%
Sep 18 2018,160.26,157.58,160.26,156.18,1.62M,1.70%
Sep 17 2018,157.58,157.70,158.50,156.52,1.41M,0.13%
Sep 14 2018,157.38,158.18,158.80,156.80,1.66M,0.63%
Sep 13 2018,156.40,152.44,157.28,151.66,2.52M,3.00%
Sep 12 2018,151.84,158.28,158.30,148.58,3.14M,-3.76%
Sep 11 2018,157.78,161.26,161.62,156.56,1.47M,-1.51%
Sep 10 2018,160.20,157.26,162.56,157.22,1.94M,0.74%
Sep 07 2018,159.02,158.76,159.02,155.20,2.21M,-0.40%
Sep 06 2018,159.66,165.98,166.66,158.72,2.53M,-4.58%
Sep 05 2018,167.32,171.00,172.20,167.28,1.75M,-2.55%
Sep 04 2018,171.70,178.00,178.46,171.30,1.52M,-3.20%
Sep 03 2018,177.38,176.50,178.72,174.82,851.04K,0.99%
Aug 31 2018,175.64,175.64,176.10,174.82,1.47M,-0.60%
Aug 30 2018,176.70,177.12,177.42,175.54,889.34K,-0.23%
Aug 29 2018,177.10,176.32,177.38,175.16,920.51K,0.73%
Aug 28 2018,175.82,178.30,179.28,175.82,1.11M,-1.24%
Aug 27 2018,178.02,175.54,178.38,175.38,822.87K,2.08%
Aug 24 2018,174.40,173.66,174.98,173.34,767.54K,0.63%
Aug 23 2018,173.30,173.46,174.84,173.16,747.70K,0.24%
Aug 22 2018,172.88,173.22,173.80,171.82,911.81K,-0.37%
Aug 21 2018,173.52,173.40,174.24,173.20,789.93K,0.14%
Aug 20 2018,173.28,172.72,174.68,172.34,782.52K,0.93%
Aug 17 2018,171.68,172.34,172.78,170.00,1.32M,-1.28%
Aug 16 2018,173.90,175.50,175.94,173.60,1.02M,-0.08%
Aug 15 2018,174.04,181.00,181.78,173.60,1.34M,-3.82%
Aug 14 2018,180.95,180.90,182.60,180.50,867.97K,0.50%
Aug 13 2018,180.05,178.70,180.35,177.50,895.38K,0.47%
Aug 10 2018,179.20,180.70,181.80,178.65,1.49M,-2.08%
Aug 09 2018,183.00,183.90,184.65,183.00,825.65K,-0.89%
Aug 08 2018,184.65,184.50,185.55,183.65,689.83K,-0.05%
Aug 07 2018,184.75,185.60,185.90,184.35,710.00K,0.11%
Aug 06 2018,184.55,184.80,185.45,183.65,794.26K,0.38%
Aug 03 2018,183.85,185.25,187.20,183.50,840.13K,-0.35%
Aug 02 2018,184.50,182.10,184.60,181.50,1.10M,0.41%
Aug 01 2018,183.75,184.10,185.00,182.80,937.16K,0.14%
Jul 31 2018,183.50,184.35,184.80,183.00,1.06M,-0.33%
Jul 30 2018,184.10,183.50,185.45,183.05,877.45K,-0.97%
Jul 27 2018,185.90,185.20,186.70,184.75,819.58K,0.38%
Jul 26 2018,185.20,185.60,186.60,183.85,1.20M,0.35%
Jul 25 2018,184.55,184.45,184.85,183.05,1.59M,-0.83%
Jul 24 2018,186.10,189.25,189.50,186.00,987.81K,-0.69%
Jul 23 2018,187.40,188.40,188.40,185.45,736.64K,-0.56%
Jul 20 2018,188.45,185.10,189.10,183.20,1.76M,1.32%
Jul 19 2018,186.00,187.00,187.85,184.25,1.21M,-0.03%
Jul 18 2018,186.05,182.35,187.40,179.40,2.96M,8.14%
Jul 17 2018,172.05,170.85,172.70,169.20,1.01M,0.56%
Jul 16 2018,171.10,171.50,172.05,170.10,799.51K,0.09%
Jul 13 2018,170.95,171.25,173.45,170.55,1.03M,0.56%
Jul 12 2018,170.00,167.50,170.00,166.65,772.35K,1.74%
Jul 11 2018,167.10,168.05,169.25,167.05,1.08M,-1.99%
Jul 10 2018,170.50,169.60,171.35,169.05,826.99K,1.01%
Jul 09 2018,168.80,168.40,171.30,168.05,1.04M,1.05%
Jul 06 2018,167.05,168.00,168.00,164.30,1.09M,0.06%
Jul 05 2018,166.95,163.50,167.65,163.50,1.01M,1.24%
Jul 04 2018,164.90,165.25,165.95,163.15,727.79K,-1.26%
Jul 03 2018,167.00,168.40,168.75,164.90,948.94K,0.21%
Jul 02 2018,166.65,166.40,169.10,165.55,1.20M,-1.80%
Jun 29 2018,169.70,170.00,171.50,169.10,1.44M,2.35%
Jun 28 2018,165.80,169.00,170.70,164.40,1.36M,-2.90%
Jun 27 2018,170.75,170.40,172.70,168.05,1.06M,0.68%
Jun 26 2018,169.60,170.00,172.25,169.45,1.12M,0.71%
Jun 25 2018,168.40,176.00,176.65,168.40,1.06M,-5.05%
Jun 22 2018,177.35,177.50,178.75,175.65,1.14M,0.31%
Jun 21 2018,176.80,179.00,179.60,175.15,1.19M,-0.31%
Jun 20 2018,177.35,178.20,179.00,176.65,1.05M,0.34%
Jun 19 2018,176.75,177.80,178.15,174.50,1.46M,-2.78%
Jun 18 2018,181.80,183.70,183.95,179.75,1.19M,-1.28%
Jun 15 2018,184.15,186.60,188.85,184.15,1.98M,-0.78%
Jun 14 2018,185.60,181.50,186.10,180.85,1.25M,1.87%
Jun 13 2018,182.20,179.50,182.60,179.00,1.37M,2.71%
Jun 12 2018,177.40,179.45,179.70,175.85,1.14M,-0.34%
Jun 11 2018,178.00,176.50,178.60,176.05,988.80K,1.34%
Jun 08 2018,175.65,176.40,176.90,174.35,1.12M,-0.93%
Jun 07 2018,177.30,181.00,181.75,176.20,1.23M,-1.50%
Jun 06 2018,180.00,179.05,181.10,177.55,1.21M,0.95%
Jun 05 2018,178.30,174.50,181.45,174.15,1.92M,2.94%
Jun 04 2018,173.20,173.45,174.40,172.65,926.87K,0.67%
Jun 01 2018,172.05,168.85,172.05,168.45,1.21M,2.78%
May 31 2018,167.40,170.35,170.70,167.40,3.37M,-1.36%
May 30 2018,169.70,169.75,170.70,168.55,1.05M,-0.09%
May 29 2018,169.85,170.45,171.40,168.80,1.35M,-0.64%
May 28 2018,170.95,173.45,174.00,170.35,633.20K,-0.70%
May 25 2018,172.15,172.05,172.60,170.30,1.18M,1.15%
May 24 2018,170.20,170.35,173.10,169.40,1.02M,0.06%
May 23 2018,170.10,171.70,171.75,168.90,1.09M,-1.13%
May 22 2018,172.05,171.50,172.85,171.15,878.28K,0.58%
May 21 2018,171.05,169.90,172.15,169.30,715.21K,1.09%
May 18 2018,169.20,171.80,172.60,167.00,2.04M,-2.28%
May 17 2018,173.15,171.00,173.15,170.65,1.01M,1.26%
May 16 2018,171.00,168.80,171.20,168.45,961.94K,1.12%
May 15 2018,169.10,169.00,170.50,168.15,1.26M,-0.09%
May 14 2018,169.25,167.35,169.50,167.00,781.79K,1.20%
May 11 2018,167.25,167.70,168.90,166.60,789.76K,-0.03%
May 10 2018,167.30,166.10,167.75,166.10,778.83K,1.03%
May 09 2018,165.60,162.80,165.60,162.65,880.75K,1.72%
May 08 2018,162.80,163.20,163.45,161.90,839.34K,-0.25%
May 07 2018,163.20,163.10,164.20,162.60,858.32K,0.99%
May 04 2018,161.60,160.90,162.05,159.75,1.18M,1.32%
May 03 2018,159.50,160.00,160.90,159.15,1.29M,-0.16%
May 02 2018,159.75,158.50,160.40,158.50,1.50M,1.43%
Apr 30 2018,157.50,158.60,158.60,156.40,1.24M,-1.10%
Apr 27 2018,159.25,160.85,161.95,158.15,1.25M,-0.90%
Apr 26 2018,160.70,158.55,161.15,158.25,1.24M,1.32%
Apr 25 2018,158.60,159.00,159.95,156.20,1.52M,-0.84%
Apr 24 2018,159.95,156.70,161.25,156.40,1.28M,0.03%
Apr 23 2018,159.90,157.65,159.90,156.80,1.15M,1.17%
Apr 20 2018,158.05,158.00,160.15,156.75,2.48M,-1.68%
Apr 19 2018,160.75,166.55,166.75,159.90,1.71M,-3.31%
Apr 18 2018,166.25,167.00,172.80,163.85,2.18M,-2.06%
Apr 17 2018,169.75,167.70,170.00,167.40,1.41M,2.07%
Apr 16 2018,166.30,167.60,169.60,166.25,909.47K,-0.72%
Apr 13 2018,167.50,167.15,167.50,165.90,1.08M,-0.09%
Apr 12 2018,167.65,165.70,168.40,165.10,1.34M,1.12%
Apr 11 2018,165.80,165.95,167.00,163.55,934.41K,0.15%
Apr 10 2018,165.55,164.00,166.20,163.60,1.14M,1.72%
Apr 09 2018,162.75,160.25,162.75,159.85,893.31K,0.96%
Apr 06 2018,161.20,161.50,161.75,160.00,1.36M,-1.71%
Apr 05 2018,164.00,162.50,164.30,161.20,1.47M,4.46%
Apr 04 2018,157.00,162.00,162.10,155.50,1.90M,-3.27%
Apr 03 2018,162.30,157.85,162.90,157.20,1.54M,1.34%
Mar 29 2018,160.15,160.00,161.10,157.30,1.45M,0.69%
Mar 28 2018,159.05,162.00,162.90,156.55,2.53M,-4.53%
Mar 27 2018,166.60,168.35,169.00,166.10,1.33M,1.96%
Mar 26 2018,163.40,164.00,166.00,162.40,1.32M,-0.06%
Mar 23 2018,163.50,166.60,167.15,162.45,1.90M,-3.31%
Mar 22 2018,169.10,173.05,175.05,167.25,1.76M,-2.98%
Mar 21 2018,174.30,173.50,175.25,173.30,1.15M,0.37%
Mar 20 2018,173.65,171.45,174.45,170.55,1.27M,1.28%
Mar 19 2018,171.45,174.20,174.35,170.65,1.43M,-1.58%
Mar 16 2018,174.20,173.55,174.85,172.95,7.76M,0.32%
Mar 15 2018,173.65,171.75,174.55,171.50,1.61M,2.09%
Mar 14 2018,170.10,168.35,171.95,168.35,1.22M,0.32%
Mar 13 2018,169.55,171.60,172.60,168.60,1.55M,-1.37%
Mar 12 2018,171.90,171.00,172.80,169.55,1.35M,1.60%
Mar 09 2018,169.20,166.60,169.45,166.30,1.27M,1.29%
Mar 08 2018,167.05,166.45,167.70,165.70,1.21M,0.85%
Mar 07 2018,165.65,162.00,165.95,161.15,1.62M,2.03%
Mar 06 2018,162.35,161.60,163.00,160.75,1.53M,1.60%
Mar 05 2018,159.80,155.00,160.45,154.85,1.35M,3.53%
Mar 02 2018,154.35,155.75,156.30,153.55,1.55M,-2.62%
Mar 01 2018,158.50,160.80,160.95,156.40,1.48M,-1.74%
Feb 28 2018,161.30,161.65,162.75,161.30,1.19M,-0.49%
Feb 27 2018,162.10,162.50,163.45,161.10,1.01M,0.37%
Feb 26 2018,161.50,160.60,163.15,159.75,1.33M,1.86%
Feb 23 2018,158.55,158.25,158.75,156.95,785.69K,0.63%
Feb 22 2018,157.55,157.60,159.20,156.65,1.11M,-1.13%
Feb 21 2018,159.35,158.85,159.80,157.15,951.52K,0.06%
Feb 20 2018,159.25,154.25,159.55,153.25,1.15M,3.24%
Feb 19 2018,154.25,155.65,155.65,153.75,616.16K,-0.99%
Feb 16 2018,155.80,155.85,156.20,154.95,1.40M,0.97%
Feb 15 2018,154.30,154.00,155.00,153.05,1.18M,1.05%
Feb 14 2018,152.70,150.30,153.00,147.85,1.34M,2.21%
Feb 13 2018,149.40,151.00,151.15,148.80,1.07M,-0.96%
Feb 12 2018,150.85,150.00,151.25,148.80,1.65M,2.48%
Feb 09 2018,147.20,147.70,150.85,145.85,2.30M,-0.54%
Feb 08 2018,148.00,152.85,153.90,147.20,2.05M,-4.95%
Feb 07 2018,155.70,155.80,156.00,153.55,1.83M,2.33%
Feb 06 2018,152.15,150.10,154.40,150.10,3.62M,-3.18%
Feb 05 2018,157.15,156.50,158.35,154.60,1.57M,-0.63%
Feb 02 2018,158.15,160.95,161.00,158.00,1.36M,-2.53%
Feb 01 2018,162.25,164.20,164.35,161.85,1.05M,-0.58%
Jan 31 2018,163.20,163.10,164.75,162.30,1.23M,0.06%
Jan 30 2018,163.10,163.55,165.30,162.25,1.05M,-0.67%
Jan 29 2018,164.20,166.75,166.95,163.55,1.11M,-0.97%
Jan 26 2018,165.80,163.35,166.05,162.85,1.09M,1.25%
Jan 25 2018,163.75,163.40,167.35,163.35,1.83M,0.28%
Jan 24 2018,163.30,166.25,166.70,163.30,1.40M,-2.22%
Jan 23 2018,167.00,167.85,168.00,166.35,1.21M,0.27%
Jan 22 2018,166.55,167.00,169.20,166.10,1.49M,-0.21%
Jan 19 2018,166.90,166.50,168.15,165.30,1.78M,0.18%
Jan 18 2018,166.60,164.10,166.60,163.30,2.48M,3.32%
Jan 17 2018,161.25,160.00,163.95,158.15,3.41M,4.95%
Jan 16 2018,153.65,152.50,154.35,152.10,1.41M,1.22%
Jan 15 2018,151.80,150.80,153.20,150.40,1.38M,1.64%
Jan 12 2018,149.35,148.75,149.95,147.60,1.00M,0.78%
Jan 11 2018,148.20,151.25,151.45,147.90,1.30M,-1.43%
Jan 10 2018,150.35,152.75,153.10,149.70,1.23M,-1.96%
Jan 09 2018,153.35,153.35,154.65,152.20,1.18M,-0.26%
Jan 08 2018,153.75,153.00,153.85,151.90,907.32K,1.25%
Jan 05 2018,151.85,150.00,151.85,149.65,1.09M,1.33%
Jan 04 2018,149.85,149.05,150.45,147.65,1.61M,1.11%
Jan 03 2018,148.20,147.50,149.45,146.85,1.53M,1.51%
Jan 02 2018,146.00,144.95,146.50,142.20,1.17M,0.59%
Dec 29 2017,145.15,145.65,146.15,144.90,658.93K,-0.27%
Dec 28 2017,145.55,146.55,146.55,145.40,658.47K,-0.65%
Dec 27 2017,146.50,146.45,146.75,144.55,653.69K,-0.34%
Dec 22 2017,147.00,147.35,147.65,146.75,539.42K,-0.51%
Dec 21 2017,147.75,147.80,148.45,146.70,789.61K,-0.03%
Dec 20 2017,147.80,149.55,150.45,146.75,1.03M,-0.91%
Dec 19 2017,149.15,149.55,150.05,148.80,902.62K,0.24%
Dec 18 2017,148.80,147.85,149.20,147.40,1.21M,2.02%
Dec 15 2017,145.85,146.05,146.50,145.05,2.14M,-0.27%
Dec 14 2017,146.25,147.40,148.00,145.85,1.06M,-0.88%
Dec 13 2017,147.55,146.65,148.45,146.40,995.94K,-0.14%
Dec 12 2017,147.75,148.35,148.55,146.70,1.20M,0.68%
Dec 11 2017,146.75,146.95,147.00,145.35,1.17M,-0.07%
Dec 08 2017,146.85,146.50,148.40,146.15,1.14M,0.75%
Dec 07 2017,145.75,145.50,146.65,143.85,1.38M,1.07%
Dec 06 2017,144.20,143.30,144.55,142.55,1.45M,-0.83%
Dec 05 2017,145.40,142.70,146.30,141.50,1.85M,1.54%
Dec 04 2017,143.20,146.10,148.10,142.05,1.94M,-0.66%
Dec 01 2017,144.15,147.50,147.70,143.70,1.84M,-2.34%
Nov 30 2017,147.60,145.85,149.80,145.45,3.65M,-0.24%
Nov 29 2017,147.95,155.75,155.85,146.85,2.73M,-4.67%
Nov 28 2017,155.20,155.45,156.05,154.35,1.27M,-0.03%
Nov 27 2017,155.25,155.15,156.30,154.55,1.35M,-0.35%
Nov 24 2017,155.80,155.50,156.55,154.90,805.65K,-0.03%
Nov 23 2017,155.85,154.90,157.20,154.25,671.58K,0.39%
Nov 22 2017,155.25,158.00,158.00,155.25,1.28M,-1.11%
Nov 21 2017,157.00,154.60,157.35,153.65,1.08M,1.59%
Nov 20 2017,154.55,152.50,154.75,151.75,1.03M,1.11%
Nov 17 2017,152.85,154.30,154.45,152.35,1.26M,-0.46%
Nov 16 2017,153.55,152.35,153.55,151.15,1.18M,1.69%
Nov 15 2017,151.00,151.85,152.55,149.30,1.59M,-1.27%
Nov 14 2017,152.95,153.40,154.60,151.85,1.52M,0.20%
Nov 13 2017,152.65,153.50,154.40,151.85,1.20M,-0.23%
Nov 10 2017,153.00,152.65,153.90,152.35,1.30M,-0.29%
Nov 09 2017,153.45,156.50,156.60,152.40,1.61M,-1.85%
Nov 08 2017,156.35,158.85,159.05,156.35,1.28M,-1.33%
Nov 07 2017,158.45,159.30,159.40,158.00,1.03M,0.16%
Nov 06 2017,158.20,158.10,159.95,157.05,1.12M,0.38%
Nov 03 2017,157.60,156.40,157.90,155.80,1.27M,1.19%
Nov 02 2017,155.75,156.45,156.50,154.85,1.09M,-0.45%
Nov 01 2017,156.45,155.40,157.55,155.00,1.37M,1.07%
Oct 31 2017,154.80,153.70,155.30,153.40,924.08K,1.34%
Oct 30 2017,152.75,154.20,154.60,152.40,909.80K,-0.36%
Oct 27 2017,153.30,152.80,154.00,152.40,1.37M,0.69%
Oct 26 2017,152.25,150.95,152.35,150.10,1.38M,1.20%
Oct 25 2017,150.45,150.90,151.75,149.90,1.07M,-0.46%
Oct 24 2017,151.15,151.85,153.00,150.75,1.28M,-0.43%
Oct 23 2017,151.80,150.00,152.65,148.90,1.41M,2.22%
Oct 20 2017,148.50,149.55,149.90,147.70,1.26M,0.00%
Oct 19 2017,148.50,146.40,148.50,146.40,1.81M,2.38%
Oct 18 2017,145.05,147.30,150.15,143.35,2.32M,-2.32%
Oct 17 2017,148.50,149.70,150.30,148.50,1.20M,-0.34%
Oct 16 2017,149.00,149.40,149.40,148.30,926.00K,0.47%
Oct 13 2017,148.30,147.30,149.10,146.95,1.25M,1.96%
Oct 12 2017,145.45,145.10,146.10,144.80,837.85K,0.55%
Oct 11 2017,144.65,144.70,145.00,144.15,667.02K,0.28%
Oct 10 2017,144.25,144.90,144.95,143.65,620.07K,-0.65%
Oct 09 2017,145.20,144.25,145.60,144.20,722.01K,1.26%
Oct 06 2017,143.40,143.10,144.70,142.85,1.04M,-0.14%
Oct 05 2017,143.60,145.15,145.40,143.30,933.95K,-1.03%
Oct 04 2017,145.10,145.00,145.20,144.10,1.06M,0.21%
Oct 03 2017,144.80,146.75,147.10,144.45,862.51K,-0.55%
Oct 02 2017,145.60,144.95,146.10,144.10,1.13M,1.08%
Sep 29 2017,144.05,144.05,144.70,142.95,1.48M,0.63%
Sep 28 2017,143.15,142.75,143.45,142.10,1.27M,1.49%
Sep 27 2017,141.05,138.40,141.30,138.40,1.46M,2.62%
Sep 26 2017,137.45,136.60,137.75,136.10,948.62K,0.26%
Sep 25 2017,137.10,139.15,139.15,136.80,782.00K,-1.33%
Sep 22 2017,138.95,138.40,139.00,137.60,737.92K,0.62%
Sep 21 2017,138.10,139.05,139.25,137.70,964.56K,-0.36%
Sep 20 2017,138.60,140.40,140.55,138.10,886.55K,-1.46%
Sep 19 2017,140.65,139.70,140.90,139.40,1.15M,1.19%
Sep 18 2017,139.00,136.55,139.05,136.05,1.03M,2.32%
Sep 15 2017,135.85,135.05,136.35,134.95,2.46M,0.07%
Sep 14 2017,135.75,134.10,136.00,133.80,772.46K,0.56%
Sep 13 2017,135.00,134.35,135.05,133.95,965.28K,0.15%
Sep 12 2017,134.80,136.00,136.45,134.45,1.12M,-0.41%
Sep 11 2017,135.35,133.70,135.35,133.30,997.55K,1.65%
Sep 08 2017,133.15,133.15,133.90,132.55,822.47K,-0.04%
Sep 07 2017,133.20,131.50,133.20,130.90,1.10M,1.56%
Sep 06 2017,131.15,129.95,131.30,129.40,903.41K,0.23%
Sep 05 2017,130.85,131.05,131.75,130.30,753.41K,0.19%
Sep 04 2017,130.60,131.25,131.60,130.60,593.00K,-1.14%
Sep 01 2017,132.10,131.60,132.40,131.25,824.33K,1.23%
Aug 31 2017,130.50,130.00,131.10,129.90,1.04M,1.16%
Aug 30 2017,129.00,129.60,129.75,128.10,668.24K,0.16%
Aug 29 2017,128.80,127.50,129.25,126.35,1.05M,0.27%
Aug 28 2017,128.45,128.35,129.05,127.75,590.61K,-0.89%
Aug 25 2017,129.60,129.70,130.45,129.25,543.99K,-0.08%
Aug 24 2017,129.70,130.10,130.25,129.45,660.24K,-0.31%
Aug 23 2017,130.10,130.75,131.55,129.95,615.28K,-0.34%
Aug 22 2017,130.55,128.50,130.60,128.50,629.33K,1.83%
Aug 21 2017,128.20,128.85,129.40,128.00,785.12K,-0.70%
Aug 18 2017,129.10,128.90,129.75,128.15,1.33M,-0.65%
Aug 17 2017,129.95,130.55,130.65,129.90,899.05K,-0.54%
Aug 16 2017,130.65,130.05,130.75,129.75,592.50K,0.58%
Aug 15 2017,129.90,129.75,129.95,128.85,581.53K,0.78%
Aug 14 2017,128.90,128.10,129.05,127.80,693.86K,1.30%
Aug 11 2017,127.25,127.85,127.85,125.80,1.30M,-1.47%
Aug 10 2017,129.15,130.55,130.55,128.70,1.09M,-0.96%
Aug 09 2017,130.40,130.35,130.90,129.90,774.76K,-0.69%
Aug 08 2017,131.30,131.00,131.60,130.35,648.41K,0.19%
Aug 07 2017,131.05,130.50,131.05,129.60,624.80K,0.92%
Aug 04 2017,129.85,128.30,130.20,127.55,689.19K,1.21%
Aug 03 2017,128.30,126.85,129.00,126.50,1.03M,0.98%
Aug 02 2017,127.05,128.90,129.65,126.95,1.10M,-0.70%
Aug 01 2017,127.95,128.40,128.85,127.15,1.19M,-0.16%
Jul 31 2017,128.15,129.65,130.00,127.95,1.29M,-1.31%
Jul 28 2017,129.85,130.75,131.10,129.20,1.76M,-2.29%
Jul 27 2017,132.90,132.00,133.45,131.10,1.35M,0.42%
Jul 26 2017,132.35,131.85,132.55,130.45,1.24M,0.65%
Jul 25 2017,131.50,131.50,132.30,131.20,1.26M,-0.15%
Jul 24 2017,131.70,132.05,132.75,130.60,1.16M,0.08%
Jul 21 2017,131.60,131.95,132.40,131.10,1.73M,-0.38%
Jul 20 2017,132.10,130.40,132.70,130.40,2.17M,1.77%
Jul 19 2017,129.80,127.00,130.40,126.80,2.22M,5.79%
Jul 18 2017,122.70,121.60,122.80,121.35,1.25M,0.86%
Jul 17 2017,121.65,122.25,123.15,121.65,980.46K,0.04%
Jul 14 2017,121.60,119.85,121.60,119.30,816.77K,1.00%
Jul 13 2017,120.40,120.00,120.65,119.10,1.02M,0.50%
Jul 12 2017,119.80,118.40,120.20,118.00,1.03M,1.96%
Jul 11 2017,117.50,118.20,118.75,117.00,930.02K,-0.17%
Jul 10 2017,117.70,117.00,118.00,116.70,833.67K,1.03%
Jul 07 2017,116.50,115.50,116.80,114.20,1.09M,1.00%
Jul 06 2017,115.35,115.80,116.15,114.20,1.42M,0.04%
Jul 05 2017,115.30,114.30,115.60,113.85,1.09M,0.87%
Jul 04 2017,114.30,114.55,114.85,113.75,673.24K,-0.31%
Jul 03 2017,114.65,114.40,115.60,113.85,733.87K,0.48%
Jun 30 2017,114.10,113.90,116.05,113.65,1.64M,0.48%
Jun 29 2017,113.55,119.00,119.55,113.25,1.78M,-3.73%
Jun 28 2017,117.95,116.65,118.15,115.35,1.37M,-0.55%
Jun 27 2017,118.60,119.50,120.15,118.40,1.22M,-0.84%
Jun 26 2017,119.60,121.20,121.60,119.50,1.18M,-0.33%
Jun 23 2017,120.00,116.55,120.95,116.50,1.57M,2.30%
Jun 22 2017,117.30,116.80,117.30,115.55,951.22K,0.43%
Jun 21 2017,116.80,115.45,116.80,114.30,904.59K,0.56%
Jun 20 2017,116.15,118.00,118.30,116.10,897.34K,-1.11%
Jun 19 2017,117.45,116.50,118.00,116.00,856.90K,1.25%
Jun 16 2017,116.00,115.10,116.15,114.50,1.72M,1.22%
Jun 15 2017,114.60,115.90,115.95,114.00,1.51M,-1.80%
Jun 14 2017,116.70,118.40,119.05,116.35,1.14M,0.00%
Jun 13 2017,116.70,115.45,117.30,115.20,1.34M,1.30%
Jun 12 2017,115.20,116.00,116.50,112.60,2.66M,-3.92%
Jun 09 2017,119.90,120.20,120.45,118.95,849.41K,0.25%
Jun 08 2017,119.60,118.85,120.10,118.75,730.60K,0.67%
Jun 07 2017,118.80,117.55,119.40,117.00,841.97K,0.68%
Jun 06 2017,118.00,117.95,118.30,117.20,775.46K,-0.21%
Jun 05 2017,118.25,119.00,119.00,117.90,540.06K,-0.59%
Jun 02 2017,118.95,119.70,120.15,118.55,743.69K,0.21%
Jun 01 2017,118.70,117.15,118.90,117.10,826.23K,1.02%
May 31 2017,117.50,119.05,119.10,117.40,1.42M,-1.30%
May 30 2017,119.05,119.10,119.70,118.45,770.19K,-0.17%
May 29 2017,119.25,119.50,119.80,119.10,255.57K,-0.46%
May 26 2017,119.80,120.00,120.60,119.60,759.26K,-0.08%
May 25 2017,119.90,119.80,120.40,117.95,651.08K,0.50%
May 24 2017,119.30,119.55,120.15,119.30,519.94K,-0.25%
May 23 2017,119.60,119.00,119.95,118.95,557.00K,0.38%
May 22 2017,119.15,120.30,120.45,118.35,791.20K,-1.08%
May 19 2017,120.45,120.50,121.05,120.00,1.02M,-0.04%
May 18 2017,120.50,120.05,120.70,118.20,1.31M,-0.21%
May 17 2017,120.75,123.00,123.35,120.65,1.00M,-2.23%
May 16 2017,123.50,123.50,124.10,123.15,985.14K,-0.36%
May 15 2017,123.95,123.75,123.95,123.00,647.93K,0.32%
May 12 2017,123.55,122.80,123.60,122.20,831.39K,0.73%
May 11 2017,122.65,123.30,123.70,122.15,774.66K,-0.28%
May 10 2017,123.00,123.35,124.10,122.85,826.85K,-0.69%
May 09 2017,123.85,122.05,124.15,121.95,755.48K,1.43%
May 08 2017,122.10,122.85,122.95,121.50,838.31K,-0.49%
May 05 2017,122.70,123.00,123.50,122.40,744.45K,-0.20%
May 04 2017,122.95,123.10,123.45,122.30,659.18K,-0.04%
May 03 2017,123.00,123.10,123.40,122.25,1.01M,-0.36%
May 02 2017,123.45,121.50,123.55,121.25,1.22M,1.73%
Apr 28 2017,121.35,122.20,122.30,121.20,1.06M,-0.94%
Apr 27 2017,122.50,121.85,123.15,121.10,921.66K,0.53%
Apr 26 2017,121.85,123.20,123.20,121.45,1.17M,-1.02%
Apr 25 2017,123.10,123.10,124.95,122.65,1.26M,0.37%
Apr 24 2017,122.65,124.10,124.75,122.00,1.98M,0.86%
Apr 21 2017,121.60,121.40,122.15,121.05,1.67M,0.66%
Apr 20 2017,120.80,119.10,121.55,118.80,1.64M,0.92%
Apr 19 2017,119.70,124.45,124.95,119.50,1.87M,-1.85%
Apr 18 2017,121.95,122.55,122.65,120.35,1.23M,-0.04%
Apr 13 2017,122.00,121.15,122.40,120.55,882.93K,0.16%
Apr 12 2017,121.80,122.00,122.60,121.25,783.11K,0.08%
Apr 11 2017,121.70,122.30,122.65,120.90,1.12M,-0.90%
Apr 10 2017,122.80,123.95,124.30,122.80,670.20K,-0.93%
Apr 07 2017,123.95,122.85,123.95,122.05,720.19K,0.81%
Apr 06 2017,122.95,122.85,123.10,122.10,596.01K,-0.41%
Apr 05 2017,123.45,124.25,124.30,122.85,985.88K,-0.72%
Apr 04 2017,124.35,123.75,124.70,123.10,781.62K,0.57%
Apr 03 2017,123.65,124.40,124.90,123.60,837.67K,-0.60%
Mar 31 2017,124.40,123.75,124.40,123.30,1.21M,0.28%
Mar 30 2017,124.05,123.50,124.10,123.10,576.37K,0.36%
Mar 29 2017,123.60,124.00,124.25,123.25,779.60K,0.00%
Mar 28 2017,123.60,122.55,123.60,121.70,850.70K,1.27%
Mar 27 2017,122.05,122.00,122.70,119.85,975.46K,-0.73%
Mar 24 2017,122.95,120.60,123.75,120.55,1.58M,2.29%
Mar 23 2017,120.20,119.20,120.35,119.00,814.36K,0.92%
Mar 22 2017,119.10,117.45,119.20,117.30,1.17M,1.28%
Mar 21 2017,117.60,119.60,120.15,117.45,1.13M,-1.67%
Mar 20 2017,119.60,118.40,120.15,118.15,817.88K,0.67%
Mar 17 2017,118.80,117.15,119.60,116.85,1.72M,1.15%
Mar 16 2017,117.45,118.30,118.35,116.20,1.03M,0.13%
Mar 15 2017,117.30,117.65,118.85,117.30,1.42M,0.43%
Mar 14 2017,116.80,116.50,117.45,116.25,754.27K,0.34%
Mar 13 2017,116.40,116.55,117.15,115.40,991.58K,-0.17%
Mar 10 2017,116.60,116.75,117.35,116.15,1.15M,1.57%
Mar 09 2017,114.80,114.35,114.95,112.40,822.31K,0.39%
Mar 08 2017,114.35,113.75,114.85,113.65,806.47K,0.40%
Mar 07 2017,113.90,114.10,115.00,113.80,716.10K,-0.44%
Mar 06 2017,114.40,115.20,115.20,113.90,648.68K,-1.29%
Mar 03 2017,115.90,116.00,116.30,115.15,875.24K,-0.09%
Mar 02 2017,116.00,117.00,117.00,115.55,945.79K,-0.56%
Mar 01 2017,116.65,115.10,117.25,114.90,1.42M,1.92%
Feb 28 2017,114.45,116.00,116.15,113.75,1.36M,-0.78%
Feb 27 2017,115.35,116.55,116.60,115.05,708.41K,-0.26%
Feb 24 2017,115.65,117.45,117.80,114.80,1.09M,-0.94%
Feb 23 2017,116.75,117.50,118.00,116.35,1.22M,-0.64%
Feb 22 2017,117.50,120.30,120.60,117.50,1.73M,-2.25%
Feb 21 2017,120.20,118.30,120.30,117.70,1.18M,1.52%
Feb 20 2017,118.40,119.45,119.50,118.25,631.76K,-0.21%
Feb 17 2017,118.65,118.95,119.05,117.85,1.13M,-0.46%
Feb 16 2017,119.20,119.95,120.20,118.65,940.72K,-0.46%
Feb 15 2017,119.75,119.75,119.80,118.50,806.85K,0.55%
Feb 14 2017,119.10,118.95,119.30,118.00,1.04M,0.25%
Feb 13 2017,118.80,117.30,119.20,117.30,783.76K,1.41%
Feb 10 2017,117.15,117.50,117.95,116.75,805.00K,-0.21%
Feb 09 2017,117.40,116.00,117.45,115.80,852.77K,1.69%
Feb 08 2017,115.45,116.00,116.50,114.95,900.03K,0.39%
Feb 07 2017,115.00,113.85,115.25,113.80,794.54K,0.92%
Feb 06 2017,113.95,114.00,114.60,113.75,574.06K,-0.35%
Feb 03 2017,114.35,113.90,114.65,113.55,608.62K,0.57%
Feb 02 2017,113.70,112.00,114.05,112.00,930.64K,0.75%
Feb 01 2017,112.85,112.60,113.55,112.60,844.41K,0.40%
Jan 31 2017,112.40,113.50,113.75,112.10,1.18M,-0.53%
Jan 30 2017,113.00,114.10,114.90,112.30,864.59K,-0.40%
Jan 27 2017,113.45,113.90,114.60,112.40,828.33K,-0.35%
Jan 26 2017,113.85,114.75,115.20,113.30,991.12K,-0.18%
Jan 25 2017,114.05,114.80,115.25,113.10,848.85K,0.18%
Jan 24 2017,113.85,113.65,114.40,113.40,941.00K,0.80%
Jan 23 2017,112.95,113.65,113.85,112.25,828.99K,-0.96%
Jan 20 2017,114.05,114.70,115.85,113.90,1.70M,-0.31%
Jan 19 2017,114.40,115.60,115.60,112.65,1.50M,-0.52%
Jan 18 2017,115.00,112.00,117.80,111.55,2.99M,6.73%
Jan 17 2017,107.75,107.50,108.60,106.70,1.08M,-0.05%
Jan 16 2017,107.80,107.55,108.45,107.10,532.92K,-0.69%
Jan 13 2017,108.55,107.60,108.55,106.80,963.41K,1.88%
Jan 12 2017,106.55,106.80,108.10,106.10,954.36K,-0.42%
Jan 11 2017,107.00,106.65,107.70,106.20,615.05K,0.28%
Jan 10 2017,106.70,106.30,107.15,106.30,684.27K,0.33%
Jan 09 2017,106.35,105.90,106.50,104.85,624.91K,0.90%
Jan 06 2017,105.40,105.15,105.45,104.10,709.34K,0.00%
Jan 05 2017,105.40,104.55,105.85,103.95,793.69K,0.24%
Jan 04 2017,105.15,106.45,106.45,104.75,999.89K,-1.36%
Jan 03 2017,106.60,107.25,107.65,106.45,984.39K,-0.42%
Jan 02 2017,107.05,106.00,107.25,105.85,351.49K,0.38%
Dec 30 2016,106.65,106.00,106.65,105.35,781.75K,0.52%
Dec 29 2016,106.10,106.45,106.70,105.80,435.88K,-0.84%
Dec 28 2016,107.00,106.45,107.15,106.15,476.92K,0.47%
Dec 27 2016,106.50,106.30,106.75,105.90,335.75K,0.61%
Dec 23 2016,105.85,105.10,106.15,105.10,398.06K,0.38%
Dec 22 2016,105.45,105.40,105.95,104.80,692.35K,-0.24%
Dec 21 2016,105.70,105.60,106.60,105.05,778.62K,0.14%
Dec 20 2016,105.55,105.95,105.95,104.65,1.00M,0.19%
Dec 19 2016,105.35,102.85,106.10,102.80,1.40M,3.28%
Dec 16 2016,102.00,101.10,102.75,100.60,2.48M,0.94%
Dec 15 2016,101.05,98.45,101.10,98.30,1.74M,3.11%
Dec 14 2016,98.00,97.76,98.64,97.51,757.80K,-0.20%
Dec 13 2016,98.20,97.50,98.54,97.07,971.99K,1.03%
Dec 12 2016,97.20,96.90,97.49,96.30,677.86K,0.03%
Dec 09 2016,97.17,97.41,98.08,96.85,787.37K,-0.25%
Dec 08 2016,97.41,95.82,97.72,95.80,1.29M,2.05%
Dec 07 2016,95.45,96.37,96.58,94.76,975.77K,-0.02%
Dec 06 2016,95.47,95.45,95.75,94.66,879.86K,-0.04%
Dec 05 2016,95.51,93.33,96.34,93.06,1.02M,1.83%
Dec 02 2016,93.79,93.89,94.16,92.67,1.27M,-1.49%
Dec 01 2016,95.21,96.75,97.01,94.77,1.17M,-2.47%
Nov 30 2016,97.62,97.80,98.05,96.93,1.12M,0.07%
Nov 29 2016,97.55,97.98,98.04,96.83,755.34K,-0.28%
Nov 28 2016,97.82,97.63,98.12,97.03,682.41K,-0.37%
Nov 25 2016,98.18,99.50,99.66,97.80,732.08K,-1.20%
Nov 24 2016,99.37,99.90,100.00,98.63,598.97K,-0.13%
Nov 23 2016,99.50,99.00,99.79,98.67,1.13M,0.53%
Nov 22 2016,98.98,99.00,99.41,98.52,1.07M,0.57%
Nov 21 2016,98.42,98.91,99.27,97.27,1.01M,-0.11%
Nov 18 2016,98.53,96.00,98.79,95.68,2.09M,2.71%
Nov 17 2016,95.93,93.73,95.93,93.10,1.42M,2.35%
Nov 16 2016,93.73,93.22,93.98,92.47,914.64K,0.95%
Nov 15 2016,92.85,92.77,93.14,91.95,727.08K,0.43%
Nov 14 2016,92.45,92.47,93.95,91.86,1.23M,1.38%
Nov 11 2016,91.19,93.49,93.93,90.95,1.41M,-2.04%
Nov 10 2016,93.09,94.86,95.47,92.51,1.23M,-1.31%
Nov 09 2016,94.33,91.86,94.43,90.50,1.66M,-0.06%
Nov 08 2016,94.39,94.29,94.86,93.64,735.72K,-0.02%
Nov 07 2016,94.41,93.30,94.62,93.30,843.20K,2.20%
Nov 04 2016,92.38,92.10,92.63,91.38,1.05M,0.00%
Nov 03 2016,92.38,93.76,94.09,92.00,1.20M,-1.47%
Nov 02 2016,93.76,93.65,94.28,92.71,1.14M,-0.60%
Nov 01 2016,94.33,96.85,97.30,94.05,1.30M,-2.25%
Oct 31 2016,96.50,96.85,97.21,95.85,1.37M,0.27%
Oct 28 2016,96.24,95.45,96.39,94.40,914.06K,0.33%
Oct 27 2016,95.92,95.93,97.15,95.55,1.14M,0.15%
Oct 26 2016,95.78,95.57,95.91,95.00,766.85K,-0.09%
Oct 25 2016,95.87,96.56,96.90,95.70,764.96K,-0.58%
Oct 24 2016,96.43,96.71,97.43,96.03,1.01M,0.24%
Oct 21 2016,96.20,94.49,96.20,94.47,1.42M,2.04%
Oct 20 2016,94.28,95.18,95.18,93.51,992.85K,-0.62%
Oct 19 2016,94.87,95.97,96.79,94.16,1.76M,2.21%
Oct 18 2016,92.82,92.34,93.30,92.06,1.31M,1.14%
Oct 17 2016,91.77,91.78,92.08,91.12,847.43K,-0.50%
Oct 14 2016,92.23,91.30,92.67,90.64,1.16M,1.75%
Oct 13 2016,90.64,91.83,91.83,90.59,1.50M,-1.80%
Oct 12 2016,92.30,93.04,93.15,92.19,1.16M,-1.39%
Oct 11 2016,93.60,96.38,96.96,93.56,1.27M,-3.03%
Oct 10 2016,96.52,94.95,96.60,94.90,801.44K,1.59%
Oct 07 2016,95.01,97.00,97.21,95.01,1.45M,-1.81%
Oct 06 2016,96.76,97.24,97.44,96.38,883.15K,-0.65%
Oct 05 2016,97.39,97.24,97.65,96.73,715.91K,-0.55%
Oct 04 2016,97.93,97.17,98.37,97.13,803.99K,0.59%
Oct 03 2016,97.36,97.25,97.90,97.07,524.72K,-0.34%
Sep 30 2016,97.69,95.94,97.96,95.50,1.24M,1.10%
Sep 29 2016,96.63,97.90,98.00,96.54,697.96K,-0.67%
Sep 28 2016,97.28,98.00,98.57,97.20,812.08K,-0.01%
Sep 27 2016,97.29,97.32,97.58,96.07,1.02M,0.49%
Sep 26 2016,96.82,96.65,96.89,96.17,952.98K,-0.44%
Sep 23 2016,97.25,97.00,97.28,96.71,805.95K,-0.06%
Sep 22 2016,97.31,95.50,97.48,95.46,1.16M,2.63%
Sep 21 2016,94.82,94.41,95.16,94.30,1.02M,1.11%
Sep 20 2016,93.78,92.57,93.93,92.50,917.02K,1.20%
Sep 19 2016,92.67,91.99,92.84,91.99,850.20K,1.85%
Sep 16 2016,90.99,91.36,91.95,90.35,2.26M,-0.77%
Sep 15 2016,91.70,90.51,91.86,90.14,1.11M,1.70%
Sep 14 2016,90.17,91.00,91.04,89.80,1.02M,-0.43%
Sep 13 2016,90.56,91.52,92.05,90.52,911.62K,-0.42%
Sep 12 2016,90.94,90.53,90.94,89.20,1.38M,-1.24%
Sep 09 2016,92.08,92.50,92.95,91.51,958.91K,-0.63%
Sep 08 2016,92.66,94.50,94.75,91.87,2.11M,-3.71%
Sep 07 2016,96.23,96.35,97.06,95.91,551.81K,0.18%
Sep 06 2016,96.06,96.43,96.71,95.67,559.82K,-0.04%
Sep 05 2016,96.10,96.93,97.09,95.96,503.02K,-0.67%
Sep 02 2016,96.75,95.98,96.87,95.24,717.23K,1.45%
Sep 01 2016,95.37,95.69,95.96,95.03,635.50K,0.00%
Aug 31 2016,95.37,96.58,96.78,95.37,755.59K,-1.31%
Aug 30 2016,96.64,95.95,97.49,95.85,927.02K,1.20%
Aug 29 2016,95.49,94.84,95.76,93.99,447.80K,0.52%
Aug 26 2016,95.00,94.53,95.30,94.20,643.93K,0.55%
Aug 25 2016,94.48,95.02,95.25,94.08,640.82K,-1.13%
Aug 24 2016,95.56,95.25,96.18,94.71,621.69K,-0.34%
Aug 23 2016,95.89,94.90,96.35,94.81,830.06K,1.51%
Aug 22 2016,94.46,94.26,94.91,93.51,765.63K,-0.05%
Aug 19 2016,94.51,93.55,94.54,93.55,940.10K,0.65%
Aug 18 2016,93.90,93.49,94.62,93.40,1.02M,0.83%
Aug 17 2016,93.13,93.90,94.10,90.92,2.61M,-4.88%
Aug 16 2016,97.91,99.01,99.21,97.91,626.60K,-1.45%
Aug 15 2016,99.35,99.12,99.97,98.81,482.66K,0.17%
Aug 12 2016,99.18,99.01,99.34,98.58,492.03K,0.05%
Aug 11 2016,99.13,98.70,99.25,98.17,769.84K,1.15%
Aug 10 2016,98.00,98.65,99.23,97.86,1.03M,-1.06%
Aug 09 2016,99.05,98.66,99.18,98.61,725.15K,0.23%
Aug 08 2016,98.82,99.14,99.14,98.41,713.52K,-0.08%
Aug 05 2016,98.90,99.22,100.00,98.66,1.77M,-0.03%
Aug 04 2016,98.93,97.51,99.01,97.06,916.90K,1.71%
Aug 03 2016,97.27,97.50,97.62,96.19,926.05K,-0.10%
Aug 02 2016,97.37,98.09,99.19,97.29,1.25M,-0.90%
Aug 01 2016,98.25,98.50,99.63,97.93,682.37K,-0.70%
Jul 29 2016,98.94,99.05,99.20,98.32,1.18M,0.14%
Jul 28 2016,98.80,99.19,99.92,98.27,1.12M,-0.39%
Jul 27 2016,99.19,98.89,100.50,98.89,1.35M,1.06%
Jul 26 2016,98.15,96.96,98.27,96.66,971.23K,1.38%
Jul 25 2016,96.81,96.00,97.19,95.80,702.86K,0.84%
Jul 22 2016,96.00,96.11,96.25,95.11,733.78K,-0.39%
Jul 21 2016,96.38,96.60,96.96,95.14,1.66M,-0.96%
Jul 20 2016,97.31,96.00,98.46,95.18,2.06M,2.95%
Jul 19 2016,94.52,92.84,94.78,92.11,1.27M,1.63%
Jul 18 2016,93.00,92.02,93.77,91.90,1.03M,1.09%
Jul 15 2016,92.00,92.26,92.35,90.87,1.08M,-0.49%
Jul 14 2016,92.45,92.00,93.46,91.79,1.46M,1.59%
Jul 13 2016,91.00,90.78,91.73,90.65,999.78K,0.43%
Jul 12 2016,90.61,90.51,91.38,90.50,1.02M,0.47%
Jul 11 2016,90.19,88.60,90.28,88.49,1.18M,3.31%
Jul 08 2016,87.30,85.29,87.66,85.05,1.04M,1.99%
Jul 07 2016,85.60,85.24,85.99,84.75,839.22K,1.11%
Jul 06 2016,84.66,85.48,85.68,83.54,1.34M,-1.87%
Jul 05 2016,86.27,86.69,87.10,85.96,944.12K,-1.17%
Jul 04 2016,87.29,88.53,88.72,87.19,429.18K,-0.91%
Jul 01 2016,88.09,89.00,89.05,86.85,904.88K,-0.34%
Jun 30 2016,88.39,86.38,88.55,86.31,1.37M,2.35%
Jun 29 2016,86.36,85.35,86.86,84.56,903.88K,2.50%
Jun 28 2016,84.25,84.98,85.46,83.13,1.32M,0.91%
Jun 27 2016,83.49,84.03,85.03,82.90,2.04M,-2.33%
Jun 24 2016,85.48,80.18,86.99,79.38,3.73M,-3.34%
Jun 23 2016,88.43,87.77,89.39,87.30,1.18M,1.02%
Jun 22 2016,87.54,87.87,88.20,87.00,945.68K,0.33%
Jun 21 2016,87.25,86.10,87.45,85.92,1.15M,1.58%
Jun 20 2016,85.89,85.24,86.18,83.40,1.30M,3.01%
Jun 17 2016,83.38,84.86,84.86,82.60,1.82M,-1.04%
Jun 16 2016,84.26,83.00,84.38,82.92,1.20M,0.42%
Jun 15 2016,83.91,84.72,84.99,83.91,1.16M,0.67%
Jun 14 2016,83.35,84.50,84.74,83.10,1.38M,-2.50%
Jun 13 2016,85.49,85.50,86.00,84.68,951.91K,-1.05%
Jun 10 2016,86.40,88.10,88.10,86.15,1.15M,-2.11%
Jun 09 2016,88.26,88.70,88.87,87.30,695.83K,-0.05%
Jun 08 2016,88.30,88.78,89.05,87.96,680.78K,-0.66%
Jun 07 2016,88.89,88.92,89.42,88.67,830.27K,0.67%
Jun 06 2016,88.30,88.53,89.19,88.30,674.75K,-0.51%
Jun 03 2016,88.75,89.50,90.67,88.26,1.10M,-0.45%
Jun 02 2016,89.15,88.77,89.46,88.62,749.18K,0.22%
Jun 01 2016,88.95,89.30,89.64,88.30,1.01M,-0.50%
May 31 2016,89.40,89.65,89.92,88.98,2.24M,-0.09%
May 30 2016,89.48,89.95,90.00,88.68,505.47K,-0.33%
May 27 2016,89.78,88.63,89.78,88.54,1.10M,1.71%
May 26 2016,88.27,87.84,88.67,87.84,1.02M,-0.07%
May 25 2016,88.33,88.07,88.68,87.44,1.25M,1.81%
May 24 2016,86.76,85.00,87.11,84.51,1.19M,1.66%
May 23 2016,85.34,85.42,86.13,84.88,1.01M,0.19%
May 20 2016,85.18,84.50,85.26,83.92,1.42M,2.42%
May 19 2016,83.17,84.01,84.08,82.92,883.49K,-1.47%
May 18 2016,84.41,82.94,84.55,82.56,987.58K,0.87%
May 17 2016,83.68,84.95,85.24,83.45,1.54M,-0.59%
May 16 2016,84.18,81.19,84.39,80.95,1.46M,3.54%
May 13 2016,81.30,79.67,81.51,79.50,1.30M,1.74%
May 12 2016,79.91,81.11,81.86,79.63,1.13M,-1.49%
May 11 2016,81.12,81.60,81.63,80.32,955.43K,-0.84%
May 10 2016,81.81,81.75,82.90,81.19,870.02K,0.69%
May 09 2016,81.25,81.00,82.26,80.85,909.03K,0.98%
May 06 2016,80.46,81.41,81.41,80.36,1.18M,-1.79%
May 05 2016,81.93,81.69,81.94,80.87,828.24K,0.42%
May 04 2016,81.59,81.66,82.02,80.93,1.07M,-0.45%
May 03 2016,81.96,83.75,83.76,81.50,1.42M,-3.38%
May 02 2016,84.83,85.23,85.28,83.91,920.56K,0.51%
Apr 29 2016,84.40,87.00,87.00,84.23,1.89M,-3.76%
Apr 28 2016,87.70,86.53,87.98,85.71,1.60M,0.93%
Apr 27 2016,86.89,85.23,86.89,85.23,1.25M,1.52%
Apr 26 2016,85.59,85.77,86.07,84.78,1.07M,0.21%
Apr 25 2016,85.41,85.47,86.24,85.07,848.76K,0.05%
Apr 22 2016,85.37,85.02,85.76,84.80,815.06K,0.34%
Apr 21 2016,85.08,86.12,87.24,85.00,1.67M,0.50%
Apr 20 2016,84.66,87.50,90.25,84.51,2.98M,-4.07%
Apr 19 2016,88.25,87.82,89.02,87.82,1.15M,0.65%
Apr 18 2016,87.68,87.82,88.37,87.45,1.20M,-1.21%
Apr 15 2016,88.75,88.80,89.09,88.04,1.14M,-0.06%
Apr 14 2016,88.80,89.75,90.28,88.60,1.54M,-1.64%
Apr 13 2016,90.28,89.09,90.28,89.08,1.14M,2.13%
Apr 12 2016,88.40,88.63,88.67,87.06,1.06M,0.11%
Apr 11 2016,88.30,88.63,89.39,87.97,1.05M,-0.39%
Apr 08 2016,88.65,88.55,89.05,88.31,858.33K,0.46%
Apr 07 2016,88.24,88.20,89.15,88.01,1.12M,0.50%
Apr 06 2016,87.80,87.76,88.04,86.81,1.15M,0.21%
Apr 05 2016,87.62,88.24,88.73,87.08,1.31M,-2.09%
Apr 04 2016,89.49,87.82,90.08,87.70,1.10M,1.80%
Apr 01 2016,87.91,87.40,88.15,87.10,1.71M,-1.53%
Mar 31 2016,89.28,88.51,89.40,88.04,1.23M,-0.01%
Mar 30 2016,89.29,88.04,89.90,87.81,1.13M,1.28%
Mar 29 2016,88.16,87.13,88.19,86.99,878.68K,1.93%
Mar 24 2016,86.49,87.37,87.60,85.99,830.11K,-1.84%
Mar 23 2016,88.11,87.64,88.78,87.58,744.36K,0.58%
Mar 22 2016,87.60,86.13,87.62,85.47,986.33K,1.12%
Mar 21 2016,86.63,86.60,87.92,86.32,855.79K,-0.41%
Mar 18 2016,86.99,86.59,87.45,86.09,1.98M,0.82%
Mar 17 2016,86.28,87.19,87.19,84.58,977.97K,-0.66%
Mar 16 2016,86.85,86.99,87.09,86.45,806.11K,-0.09%
Mar 15 2016,86.93,86.91,87.26,86.53,625.80K,-0.61%
Mar 14 2016,87.46,87.71,88.42,87.01,780.33K,0.59%
Mar 11 2016,86.95,87.20,87.83,86.46,977.66K,1.55%
Mar 10 2016,85.62,85.73,89.24,85.40,1.85M,0.07%
Mar 09 2016,85.56,85.89,86.47,85.25,778.13K,-0.14%
Mar 08 2016,85.68,86.20,86.53,85.04,1.14M,-1.15%
Mar 07 2016,86.68,86.35,86.73,85.70,753.57K,0.13%
Mar 04 2016,86.57,86.17,86.85,85.73,1.09M,0.98%
Mar 03 2016,85.73,86.12,86.26,84.83,907.13K,0.01%
Mar 02 2016,85.72,86.64,86.85,84.97,1.31M,-0.34%
Mar 01 2016,86.01,84.75,86.16,84.18,1.41M,1.64%
Feb 29 2016,84.62,82.66,84.70,82.30,1.46M,1.85%
Feb 26 2016,83.08,81.78,83.40,81.59,1.51M,2.76%
Feb 25 2016,80.85,80.54,81.43,79.80,1.36M,1.61%
Feb 24 2016,79.57,80.36,80.98,79.23,2.00M,-0.23%
Feb 23 2016,79.75,79.30,79.87,78.67,1.42M,-0.06%
Feb 22 2016,79.80,80.00,80.47,79.54,1.13M,1.03%
Feb 19 2016,78.99,78.01,79.45,77.96,2.19M,1.87%
Feb 18 2016,77.54,77.70,78.36,77.28,1.23M,0.91%
Feb 17 2016,76.84,75.18,76.97,74.96,1.12M,3.22%
Feb 16 2016,74.44,75.43,75.45,74.15,996.68K,-0.69%
Feb 15 2016,74.96,74.58,75.73,74.05,1.18M,3.87%
Feb 12 2016,72.17,72.46,72.96,71.35,1.54M,0.15%
Feb 11 2016,72.06,72.59,72.96,70.54,1.77M,-2.29%
Feb 10 2016,73.75,75.96,76.22,73.75,2.36M,-2.91%
Feb 09 2016,75.96,76.74,77.84,74.46,1.77M,-0.68%
Feb 08 2016,76.48,79.56,79.96,76.07,1.78M,-3.87%
Feb 05 2016,79.56,81.60,81.85,79.26,1.47M,-2.68%
Feb 04 2016,81.75,82.70,82.84,80.20,1.57M,0.42%
Feb 03 2016,81.41,81.90,82.58,80.28,1.57M,-1.02%
Feb 02 2016,82.25,84.22,84.22,81.67,1.50M,-2.66%
Feb 01 2016,84.50,84.41,84.50,83.12,1.23M,0.33%
Jan 29 2016,84.22,83.02,84.22,81.40,1.70M,3.34%
Jan 28 2016,81.50,83.13,84.11,81.20,1.61M,-1.96%
Jan 27 2016,83.13,82.76,83.50,82.13,1.17M,0.16%
Jan 26 2016,83.00,81.60,83.54,80.78,1.21M,-0.43%
Jan 25 2016,83.36,84.36,84.40,82.80,1.33M,-0.29%
Jan 22 2016,83.60,82.25,84.88,82.09,2.52M,3.73%
Jan 21 2016,80.59,80.00,81.86,79.00,2.77M,4.35%
Jan 20 2016,77.23,73.80,77.23,72.65,3.24M,4.65%
Jan 19 2016,73.80,73.98,74.35,73.07,1.17M,1.84%
Jan 18 2016,72.47,71.48,72.77,70.91,1.22M,1.00%
Jan 15 2016,71.75,74.76,75.42,71.33,2.55M,-4.55%
Jan 14 2016,75.17,74.61,76.07,73.62,1.95M,-0.24%
Jan 13 2016,75.35,76.85,77.40,75.15,1.01M,-0.84%
Jan 12 2016,75.99,75.89,78.07,75.39,1.39M,0.40%
Jan 11 2016,75.69,73.65,76.55,73.59,1.71M,2.64%
Jan 08 2016,73.74,76.79,76.94,73.74,1.61M,-4.22%
Jan 07 2016,76.99,76.31,77.61,74.59,1.71M,-2.33%
Jan 06 2016,78.83,79.93,80.07,77.71,1.26M,-2.33%
Jan 05 2016,80.71,80.96,80.99,79.06,833.62K,0.79%
Jan 04 2016,80.08,80.88,81.02,79.44,1.15M,-2.99%
Dec 31 2015,82.55,84.17,84.17,82.25,267.10K,-1.83%
Dec 30 2015,84.09,83.82,84.86,83.76,561.10K,0.00%
Dec 29 2015,84.09,83.53,84.16,83.25,814.32K,1.52%
Dec 28 2015,82.83,83.78,83.97,82.74,431.65K,-0.29%
Dec 24 2015,83.07,84.22,84.22,83.00,131.39K,-0.78%
Dec 23 2015,83.72,82.62,84.20,82.49,943.38K,2.64%
Dec 22 2015,81.57,82.18,82.43,80.52,947.20K,0.21%
Dec 21 2015,81.40,80.74,82.49,80.59,1.36M,0.78%
Dec 18 2015,80.77,80.77,81.38,79.56,1.82M,-1.19%
Dec 17 2015,81.74,82.39,83.52,81.52,1.14M,1.54%
Dec 16 2015,80.50,81.65,81.83,80.14,1.07M,-1.46%
Dec 15 2015,81.69,78.41,81.75,78.26,1.50M,5.12%
Dec 14 2015,77.71,80.42,80.64,77.52,1.37M,-2.74%
Dec 11 2015,79.90,81.30,81.70,79.27,1.51M,-1.83%
Dec 10 2015,81.39,81.98,82.61,80.94,1.02M,-1.23%
Dec 09 2015,82.40,83.08,83.72,81.69,988.47K,-0.33%
Dec 08 2015,82.67,84.25,84.34,82.28,1.13M,-2.26%
Dec 07 2015,84.58,84.60,86.03,84.30,1.12M,0.76%
Dec 04 2015,83.94,83.89,84.54,82.85,1.29M,-0.27%
Dec 03 2015,84.17,87.88,88.85,84.16,1.83M,-4.10%
Dec 02 2015,87.77,88.00,88.76,87.59,791.46K,0.13%
Dec 01 2015,87.66,87.91,88.20,87.07,974.52K,0.22%
Nov 30 2015,87.47,87.24,88.57,87.07,1.21M,0.15%
Nov 27 2015,87.34,86.81,87.59,86.43,606.02K,0.07%
Nov 26 2015,87.28,86.09,87.86,85.75,898.67K,1.59%
Nov 25 2015,85.91,84.75,86.23,84.73,1.06M,2.14%
Nov 24 2015,84.11,84.80,84.87,82.73,1.22M,-1.48%
Nov 23 2015,85.37,86.02,86.03,83.98,1.18M,-1.47%
Nov 20 2015,86.64,87.08,87.40,86.23,1.68M,-0.06%
Nov 19 2015,86.69,87.50,87.50,86.33,1.03M,-0.07%
Nov 18 2015,86.75,86.50,87.15,86.28,1.13M,0.08%
Nov 17 2015,86.68,86.00,87.00,85.81,1.18M,2.01%
Nov 16 2015,84.97,84.35,85.19,83.83,1.07M,-0.28%
Nov 13 2015,85.21,86.15,86.25,84.35,1.32M,-1.75%
Nov 12 2015,86.73,87.25,88.26,86.55,1.25M,-1.11%
Nov 11 2015,87.70,87.64,88.83,87.12,1.02M,0.25%
Nov 10 2015,87.48,89.32,89.32,87.11,1.14M,-1.38%
Nov 09 2015,88.70,89.50,90.24,88.45,1.20M,-0.29%
Nov 06 2015,88.96,87.51,89.50,87.31,1.20M,1.74%
Nov 05 2015,87.44,87.91,89.24,87.10,1.53M,-0.22%
Nov 04 2015,87.63,87.00,88.07,86.83,1.38M,1.64%
Nov 03 2015,86.22,85.55,86.22,85.19,958.49K,0.94%
Nov 02 2015,85.42,83.69,85.74,83.64,821.16K,0.96%
Oct 30 2015,84.61,84.59,84.91,83.50,813.67K,0.43%
Oct 29 2015,84.25,85.11,86.31,83.65,1.10M,-0.41%
Oct 28 2015,84.60,83.20,85.09,82.70,1.13M,1.89%
Oct 27 2015,83.03,84.07,84.27,83.03,1.08M,-1.01%
Oct 26 2015,83.88,84.69,85.00,83.38,1.19M,-1.48%
Oct 23 2015,85.14,83.09,86.25,83.00,1.85M,3.21%
Oct 22 2015,82.49,79.71,83.19,79.71,1.88M,2.79%
Oct 21 2015,80.25,78.27,80.37,78.09,2.25M,3.36%
Oct 20 2015,77.64,78.15,78.21,76.94,1.09M,-0.89%
Oct 19 2015,78.34,77.64,78.56,77.61,1.49M,1.02%
Oct 16 2015,77.55,78.08,78.08,76.95,1.52M,-0.26%
Oct 15 2015,77.75,75.85,78.84,75.39,2.84M,4.40%
Oct 14 2015,74.47,72.86,75.81,72.16,3.43M,-4.39%
Oct 13 2015,77.89,78.99,79.09,77.51,1.73M,-1.77%
Oct 12 2015,79.29,80.14,80.20,78.80,985.60K,-0.83%
Oct 09 2015,79.95,81.26,81.40,79.52,1.27M,-0.62%
Oct 08 2015,80.45,79.55,81.38,79.50,1.67M,1.45%
Oct 07 2015,79.30,80.48,81.49,79.03,1.49M,-0.59%
Oct 06 2015,79.77,79.64,80.93,79.00,1.17M,0.54%
Oct 05 2015,79.34,79.00,79.94,78.37,1.33M,2.77%
Oct 02 2015,77.20,77.48,78.80,75.63,1.31M,1.34%
Oct 01 2015,76.18,79.27,79.40,75.32,1.65M,-2.53%
Sep 30 2015,78.16,76.90,78.60,76.09,1.77M,3.61%
Sep 29 2015,75.44,73.57,76.06,72.25,1.76M,1.78%
Sep 28 2015,74.12,76.23,76.23,73.70,1.95M,-3.93%
Sep 25 2015,77.15,75.66,78.15,75.45,1.96M,4.77%
Sep 24 2015,73.64,75.27,75.59,72.79,2.68M,-2.33%
Sep 23 2015,75.40,77.35,78.50,75.40,2.66M,-2.84%
Sep 22 2015,77.60,80.35,80.65,77.48,2.41M,-3.72%
Sep 21 2015,80.60,79.38,81.12,79.15,1.02M,1.42%
Sep 18 2015,79.47,81.20,81.20,78.40,2.91M,-2.68%
Sep 17 2015,81.66,83.45,83.45,81.26,984.85K,-1.56%
Sep 16 2015,82.95,83.32,84.07,82.29,999.90K,0.72%
Sep 15 2015,82.36,80.50,82.95,80.20,1.26M,2.58%
Sep 14 2015,80.29,80.68,82.00,80.29,1.16M,-0.12%
Sep 11 2015,80.39,82.16,82.24,80.36,1.38M,-1.47%
Sep 10 2015,81.59,81.53,82.92,80.93,1.91M,-1.28%
Sep 09 2015,82.65,85.54,85.88,82.36,1.84M,-0.86%
Sep 08 2015,83.37,83.45,84.62,83.12,1.48M,0.59%
Sep 07 2015,82.88,82.93,83.50,81.82,702.04K,0.89%
Sep 04 2015,82.15,83.09,83.17,80.94,1.65M,-2.26%
Sep 03 2015,84.05,81.37,84.62,80.79,2.15M,5.05%
Sep 02 2015,80.01,79.90,81.66,79.80,1.30M,-0.39%
Sep 01 2015,80.32,79.85,80.60,77.71,1.78M,-1.67%
Aug 31 2015,81.68,81.65,82.29,80.86,1.49M,-1.13%
Aug 28 2015,82.61,81.74,82.97,81.25,1.84M,1.99%
Aug 27 2015,81.00,79.00,81.66,78.75,2.35M,5.40%
Aug 26 2015,76.85,76.84,79.54,76.07,2.35M,-2.60%
Aug 25 2015,78.90,75.02,80.24,74.97,3.29M,5.50%
Aug 24 2015,74.79,73.58,76.27,70.25,3.81M,-2.86%
Aug 21 2015,76.99,77.01,79.42,76.73,2.58M,-2.59%
Aug 20 2015,79.04,81.15,81.68,78.87,1.96M,-3.03%
Aug 19 2015,81.51,84.00,84.20,81.51,1.59M,-4.06%
Aug 18 2015,84.96,84.20,85.44,83.81,1.42M,1.40%
Aug 17 2015,83.79,83.55,84.53,82.02,1.63M,1.42%
Aug 14 2015,82.62,85.17,86.27,81.73,2.43M,-3.42%
Aug 13 2015,85.55,87.92,88.07,85.26,1.35M,0.21%
Aug 12 2015,85.37,89.32,89.38,84.94,2.23M,-5.35%
Aug 11 2015,90.20,90.50,91.00,89.87,1.44M,0.16%
Aug 10 2015,90.06,88.51,90.06,87.82,1.28M,2.73%