timestamp,close,sod,sod_1,sod_2
2016-08-08T00:00+02:00[Europe/Amsterdam],98.4100,NaN,NaN,NaN
2016-08-09T00:00+02:00[Europe/Amsterdam],98.6100,NaN,NaN,NaN
2016-08-10T00:00+02:00[Europe/Amsterdam],97.8600,NaN,NaN,NaN
2016-08-11T00:00+02:00[Europe/Amsterdam],98.1700,NaN,NaN,NaN
2016-08-12T00:00+02:00[Europe/Amsterdam],98.5800,NaN,NaN,NaN
2016-08-15T00:00+02:00[Europe/Amsterdam],98.8100,NaN,NaN,NaN
2016-08-16T00:00+02:00[Europe/Amsterdam],97.9100,NaN,NaN,NaN
2016-08-17T00:00+02:00[Europe/Amsterdam],90.9200,18.4524,NaN,NaN
2016-08-18T00:00+02:00[Europe/Amsterdam],93.4000,43.0556,NaN,NaN
2016-08-19T00:00+02:00[Europe/Amsterdam],93.5500,44.5437,35.3507,NaN
2016-08-22T00:00+02:00[Europe/Amsterdam],93.5100,44.1469,43.9153,NaN
2016-08-23T00:00+02:00[Europe/Amsterdam],94.8100,57.0435,48.578,42.6147
2016-08-24T00:00+02:00[Europe/Amsterdam],94.7100,56.0515,52.414,48.3023
2016-08-25T00:00+02:00[Europe/Amsterdam],94.0800,49.8016,54.299,51.7637
2016-08-26T00:00+02:00[Europe/Amsterdam],94.2000,50.992,52.2817,52.9983
2016-08-29T00:00+02:00[Europe/Amsterdam],93.9900,48.9088,49.901,52.1607
2016-08-30T00:00+02:00[Europe/Amsterdam],95.8500,67.361,55.754,52.6457
2016-08-31T00:00+02:00[Europe/Amsterdam],95.3700,62.599,59.623,55.0927
2016-09-01T00:00+02:00[Europe/Amsterdam],95.0300,59.226,63.062,59.4797
2016-09-02T00:00+02:00[Europe/Amsterdam],95.2400,61.3095,61.045,61.2433
2016-09-05T00:00+02:00[Europe/Amsterdam],95.9600,68.4525,62.9963,62.3677
2016-09-06T00:00+02:00[Europe/Amsterdam],95.6700,65.5755,65.1127,63.0513
2016-09-07T00:00+02:00[Europe/Amsterdam],95.9100,67.9565,67.3283,65.1457
2016-09-08T00:00+02:00[Europe/Amsterdam],91.8700,27.8770,53.803,62.0813
2016-09-09T00:00+02:00[Europe/Amsterdam],91.5100,38.3684,44.734,55.2883
2016-09-12T00:00+02:00[Europe/Amsterdam],89.2000,39.3903,35.212,44.583
2016-09-13T00:00+02:00[Europe/Amsterdam],90.5200,47.4391,41.7327,40.5597
2016-09-14T00:00+02:00[Europe/Amsterdam],89.8000,43.0488,43.2927,40.079
2016-09-15T00:00+02:00[Europe/Amsterdam],90.1400,45.1220,45.2033,43.4097
2016-09-16T00:00+02:00[Europe/Amsterdam],90.3500,46.4025,44.8577,44.4513
2016-09-19T00:00+02:00[Europe/Amsterdam],91.9900,56.4025,49.309,46.4567
2016-09-20T00:00+02:00[Europe/Amsterdam],92.5,59.512,54.1057,49.424
2016-09-21T00:00+02:00[Europe/Amsterdam],94.3000,70.488,62.1343,55.183
2016-09-22T00:00+02:00[Europe/Amsterdam],95.4600,77.561,69.187,61.809
2016-09-23T00:00+02:00[Europe/Amsterdam],96.7100,85.183,77.744,69.6883
2016-09-26T00:00+02:00[Europe/Amsterdam],96.1700,81.8905,81.545,76.1587
2016-09-27T00:00+02:00[Europe/Amsterdam],96.0700,81.2805,82.785,80.6913
2016-09-28T00:00+02:00[Europe/Amsterdam],97.2000,88.171,83.7807,82.7037
2016-09-29T00:00+02:00[Europe/Amsterdam],96.5400,84.1465,84.533,83.6997
2016-09-30T00:00+02:00[Europe/Amsterdam],95.5,77.805,83.3743,83.896
2016-10-03T00:00+02:00[Europe/Amsterdam],97.0700,87.378,83.110,83.6723
2016-10-04T00:00+02:00[Europe/Amsterdam],97.1300,87.744,84.309,83.5977
2016-10-05T00:00+02:00[Europe/Amsterdam],96.7300,85.305,86.809,84.7427
2016-10-06T00:00+02:00[Europe/Amsterdam],96.3800,83.171,85.4067,85.5083
2016-10-07T00:00+02:00[Europe/Amsterdam],95.0100,74.817,81.0977,84.438
2016-10-10T00:00+02:00[Europe/Amsterdam],94.9000,74.1465,77.3783,81.294
2016-10-11T00:00+02:00[Europe/Amsterdam],93.5600,65.9755,71.6467,76.7077
2016-10-12T00:00+02:00[Europe/Amsterdam],92.1900,57.622,65.9147,71.6467
2016-10-13T00:00+02:00[Europe/Amsterdam],90.5900,47.8659,57.1547,64.9053
2016-10-14T00:00+02:00[Europe/Amsterdam],90.6400,48.1708,51.2197,58.0963
2016-10-17T00:00+02:00[Europe/Amsterdam],91.1200,51.100,49.0457,52.4733
2016-10-18T00:00+02:00[Europe/Amsterdam],92.0600,56.846,52.039,50.768
2016-10-19T00:00+02:00[Europe/Amsterdam],94.1600,69.682,59.2093,53.4313
2016-10-20T00:00+02:00[Europe/Amsterdam],93.5100,65.709,64.079,58.4423
2016-10-21T00:00+02:00[Europe/Amsterdam],94.4700,71.577,68.9893,64.0923
2016-10-24T00:00+02:00[Europe/Amsterdam],96.0300,81.5365,72.941,68.6697
2016-10-25T00:00+02:00[Europe/Amsterdam],95.7000,83.711,78.9417,73.624
2016-10-26T00:00+02:00[Europe/Amsterdam],95,78.7535,81.334,77.739
2016-10-27T00:00+02:00[Europe/Amsterdam],95.5500,82.649,81.7047,80.6603
2016-10-28T00:00+02:00[Europe/Amsterdam],94.4000,74.5045,78.636,80.5583
2016-10-31T00:00+01:00[Europe/Amsterdam],95.8500,84.7735,80.6427,80.328
2016-11-01T00:00+01:00[Europe/Amsterdam],94.0500,72.0255,77.1013,78.7933
2016-11-02T00:00+01:00[Europe/Amsterdam],92.7100,62.5355,73.1117,76.952
2016-11-03T00:00+01:00[Europe/Amsterdam],92,57.507,64.0227,71.412
2016-11-04T00:00+01:00[Europe/Amsterdam],91.3800,53.116,57.7197,64.9513
2016-11-07T00:00+01:00[Europe/Amsterdam],93.3000,66.714,59.1123,60.2847
2016-11-08T00:00+01:00[Europe/Amsterdam],93.6400,69.122,62.984,59.9387
2016-11-09T00:00+01:00[Europe/Amsterdam],90.5,46.8839,60.9067,61.001
2016-11-10T00:00+01:00[Europe/Amsterdam],92.5100,61.119,59.0417,60.9777
2016-11-11T00:00+01:00[Europe/Amsterdam],90.9500,50.071,52.6913,57.5463
2016-11-14T00:00+01:00[Europe/Amsterdam],91.8600,56.5155,55.902,55.8783
2016-11-15T00:00+01:00[Europe/Amsterdam],91.9500,57.153,54.580,54.391
2016-11-16T00:00+01:00[Europe/Amsterdam],92.4700,60.8355,58.1683,56.2167
2016-11-17T00:00+01:00[Europe/Amsterdam],93.1000,65.2975,61.0957,57.948
2016-11-18T00:00+01:00[Europe/Amsterdam],95.6800,83.5695,69.901,63.055
2016-11-21T00:00+01:00[Europe/Amsterdam],97.2700,89.5805,79.4827,70.160
2016-11-22T00:00+01:00[Europe/Amsterdam],98.5200,96.985,90.045,79.8097
2016-11-23T00:00+01:00[Europe/Amsterdam],98.6700,97.699,94.755,88.0943
2016-11-24T00:00+01:00[Europe/Amsterdam],98.6300,92.1315,95.6053,93.4683
2016-11-25T00:00+01:00[Europe/Amsterdam],97.8000,86.989,92.2733,94.211
2016-11-28T00:00+01:00[Europe/Amsterdam],97.0300,82.218,87.113,91.664
2016-11-29T00:00+01:00[Europe/Amsterdam],96.8300,80.979,83.3953,87.5937
2016-11-30T00:00+01:00[Europe/Amsterdam],96.9300,81.5985,81.5987,84.0357
2016-12-01T00:00+01:00[Europe/Amsterdam],94.7700,68.2155,76.9313,80.6417
2016-12-02T00:00+01:00[Europe/Amsterdam],92.6700,55.2045,68.3397,75.6233
2016-12-05T00:00+01:00[Europe/Amsterdam],93.0600,57.621,60.347,68.5393
2016-12-06T00:00+01:00[Europe/Amsterdam],94.6600,67.534,60.120,62.9357
2016-12-07T00:00+01:00[Europe/Amsterdam],94.7600,68.1535,64.4363,61.6343
2016-12-08T00:00+01:00[Europe/Amsterdam],95.8000,74.5975,70.0953,64.8837
2016-12-09T00:00+01:00[Europe/Amsterdam],96.8500,81.103,74.618,69.7167
2016-12-12T00:00+01:00[Europe/Amsterdam],96.3000,77.695,77.7987,74.1707
2016-12-13T00:00+01:00[Europe/Amsterdam],97.0700,82.466,80.4213,77.6127
2016-12-14T00:00+01:00[Europe/Amsterdam],97.5100,85.192,81.7843,80.0013
2016-12-15T00:00+01:00[Europe/Amsterdam],98.3000,90.087,85.915,82.707
2016-12-16T00:00+01:00[Europe/Amsterdam],100.600,97.303,90.8607,86.1867
2016-12-19T00:00+01:00[Europe/Amsterdam],102.800,99.773,95.721,90.8323
2016-12-20T00:00+01:00[Europe/Amsterdam],104.650,95.3965,97.491,94.691
2016-12-21T00:00+01:00[Europe/Amsterdam],105.050,96.813,97.3277,96.8467
2016-12-22T00:00+01:00[Europe/Amsterdam],104.800,95.8545,96.0217,96.947
2016-12-23T00:00+01:00[Europe/Amsterdam],105.100,96.936,96.5347,96.628
2016-12-27T00:00+01:00[Europe/Amsterdam],105.900,98.537,97.1093,96.555
2016-12-28T00:00+01:00[Europe/Amsterdam],106.150,98.9145,98.1293,97.2577
2016-12-29T00:00+01:00[Europe/Amsterdam],105.800,97.6485,98.367,97.8687
2016-12-30T00:00+01:00[Europe/Amsterdam],105.350,96.0205,97.528,98.008
2017-01-02T00:00+01:00[Europe/Amsterdam],105.850,97.8295,97.1663,97.687
2017-01-03T00:00+01:00[Europe/Amsterdam],106.450,97.264,97.038,97.244
2017-01-04T00:00+01:00[Europe/Amsterdam],104.75,91.450,95.5147,96.573
2017-01-05T00:00+01:00[Europe/Amsterdam],103.950,88.714,92.476,95.0097
2017-01-06T00:00+01:00[Europe/Amsterdam],104.100,89.227,89.797,92.596
2017-01-09T00:00+01:00[Europe/Amsterdam],104.850,91.792,89.911,90.728
2017-01-10T00:00+01:00[Europe/Amsterdam],106.300,96.751,92.590,90.766
2017-01-11T00:00+01:00[Europe/Amsterdam],106.200,96.409,94.984,92.495
2017-01-12T00:00+01:00[Europe/Amsterdam],106.100,96.067,96.409,94.661
2017-01-13T00:00+01:00[Europe/Amsterdam],106.800,97.328,96.6013,95.998
2017-01-16T00:00+01:00[Europe/Amsterdam],107.100,98.271,97.222,96.744
2017-01-17T00:00+01:00[Europe/Amsterdam],106.700,96.888,97.4957,97.1063
2017-01-18T00:00+01:00[Europe/Amsterdam],111.550,98.807,97.9887,97.569
2017-01-19T00:00+01:00[Europe/Amsterdam],112.650,93.433,96.376,97.2867
2017-01-20T00:00+01:00[Europe/Amsterdam],113.900,96.2155,96.152,96.839
2017-01-23T00:00+01:00[Europe/Amsterdam],112.25,92.5425,94.064,95.5307
2017-01-24T00:00+01:00[Europe/Amsterdam],113.400,95.1025,94.6203,94.9453
2017-01-25T00:00+01:00[Europe/Amsterdam],113.100,94.2185,93.9547,94.213
2017-01-26T00:00+01:00[Europe/Amsterdam],113.300,94.636,94.6523,94.409
2017-01-27T00:00+01:00[Europe/Amsterdam],112.400,92.5375,93.7977,94.135
2017-01-30T00:00+01:00[Europe/Amsterdam],112.300,92.304,93.1593,93.8697
2017-01-31T00:00+01:00[Europe/Amsterdam],112.100,91.8375,92.2267,93.0613
2017-02-01T00:00+01:00[Europe/Amsterdam],112.600,93.004,92.382,92.5893
2017-02-02T00:00+01:00[Europe/Amsterdam],112,91.6045,92.149,92.2527
2017-02-03T00:00+01:00[Europe/Amsterdam],113.550,95.219,93.276,92.6023
2017-02-06T00:00+01:00[Europe/Amsterdam],113.75,95.6855,94.170,93.1983
2017-02-07T00:00+01:00[Europe/Amsterdam],113.800,95.8025,95.5693,94.3383
2017-02-08T00:00+01:00[Europe/Amsterdam],114.950,97.596,96.3613,95.3667
2017-02-09T00:00+01:00[Europe/Amsterdam],115.800,99.542,97.647,96.526
2017-02-10T00:00+01:00[Europe/Amsterdam],116.75,98.3935,98.5107,97.5063
2017-02-13T00:00+01:00[Europe/Amsterdam],117.300,99.5405,99.159,98.439
2017-02-14T00:00+01:00[Europe/Amsterdam],118,97.9525,98.629,98.7663
2017-02-15T00:00+01:00[Europe/Amsterdam],118.5,97.3025,98.2653,98.6843
2017-02-16T00:00+01:00[Europe/Amsterdam],118.650,97.106,97.4537,98.116
2017-02-17T00:00+01:00[Europe/Amsterdam],117.850,95.325,96.578,97.4323
2017-02-20T00:00+01:00[Europe/Amsterdam],118.25,96.2155,96.2157,96.7493
2017-02-21T00:00+01:00[Europe/Amsterdam],117.700,94.7455,95.429,96.0743
2017-02-22T00:00+01:00[Europe/Amsterdam],117.5,93.5365,94.8327,95.4927
2017-02-23T00:00+01:00[Europe/Amsterdam],116.350,89.7135,92.6653,94.309
2017-02-24T00:00+01:00[Europe/Amsterdam],114.800,84.3305,89.1937,92.2307
2017-02-27T00:00+01:00[Europe/Amsterdam],115.050,82.3235,85.456,89.105
2017-02-28T00:00+01:00[Europe/Amsterdam],113.75,77.946,81.5333,85.3943
2017-03-01T00:00+01:00[Europe/Amsterdam],114.900,81.818,80.696,82.5617
2017-03-02T00:00+01:00[Europe/Amsterdam],115.550,84.007,81.257,81.162
2017-03-03T00:00+01:00[Europe/Amsterdam],115.150,82.660,82.8283,81.5937
2017-03-06T00:00+01:00[Europe/Amsterdam],113.900,78.451,81.706,81.9303
2017-03-07T00:00+01:00[Europe/Amsterdam],113.800,78.1145,79.742,81.4253
2017-03-08T00:00+01:00[Europe/Amsterdam],113.650,77.6095,78.0587,79.8357
2017-03-09T00:00+01:00[Europe/Amsterdam],112.400,73.4005,76.375,78.0587
2017-03-10T00:00+01:00[Europe/Amsterdam],116.150,86.027,79.0123,77.8153
2017-03-13T00:00+01:00[Europe/Amsterdam],115.400,83.5015,80.9767,78.788
2017-03-14T00:00+01:00[Europe/Amsterdam],116.25,86.3635,85.2977,81.7623
2017-03-15T00:00+01:00[Europe/Amsterdam],117.300,89.899,86.588,84.2873
2017-03-16T00:00+01:00[Europe/Amsterdam],116.200,86.1955,87.4863,86.4573
2017-03-17T00:00+01:00[Europe/Amsterdam],116.850,87.50,87.865,87.313
2017-03-20T00:00+01:00[Europe/Amsterdam],118.150,91.825,88.507,87.9527
2017-03-21T00:00+01:00[Europe/Amsterdam],117.450,88.6905,89.3387,88.5703
2017-03-22T00:00+01:00[Europe/Amsterdam],117.300,87.705,89.407,89.0843
2017-03-23T00:00+01:00[Europe/Amsterdam],119,94.515,90.3037,89.6833
2017-03-24T00:00+01:00[Europe/Amsterdam],120.550,99.7945,94.005,91.2387
2017-03-27T00:00+02:00[Europe/Amsterdam],119.850,91.9775,95.4293,93.246
2017-03-28T00:00+02:00[Europe/Amsterdam],121.700,95.278,95.6833,95.039
2017-03-29T00:00+02:00[Europe/Amsterdam],123.25,96.4115,94.556,95.223
2017-03-30T00:00+02:00[Europe/Amsterdam],123.100,95.694,95.7947,95.3447
2017-03-31T00:00+02:00[Europe/Amsterdam],123.300,96.6505,96.2523,95.5343
2017-04-03T00:00+02:00[Europe/Amsterdam],123.600,96.3135,96.2197,96.089
2017-04-04T00:00+02:00[Europe/Amsterdam],123.100,94.009,95.6577,96.0433
2017-04-05T00:00+02:00[Europe/Amsterdam],122.850,92.857,94.3933,95.4233
2017-04-06T00:00+02:00[Europe/Amsterdam],122.100,89.401,92.089,94.0467
2017-04-07T00:00+02:00[Europe/Amsterdam],122.050,89.1705,90.4763,92.3193
2017-04-10T00:00+02:00[Europe/Amsterdam],122.800,92.627,90.3997,90.9883
2017-04-11T00:00+02:00[Europe/Amsterdam],120.900,83.871,88.5563,89.8107
2017-04-12T00:00+02:00[Europe/Amsterdam],121.25,84.7825,87.0937,88.6833
2017-04-13T00:00+02:00[Europe/Amsterdam],120.550,80.357,83.0037,86.218
2017-04-18T00:00+02:00[Europe/Amsterdam],120.350,79.337,81.4923,83.863
2017-04-19T00:00+02:00[Europe/Amsterdam],119.5,74.219,77.971,80.8223
2017-04-20T00:00+02:00[Europe/Amsterdam],118.800,70.573,74.7097,78.0577
2017-04-21T00:00+02:00[Europe/Amsterdam],121.050,82.2915,75.6947,76.1253
2017-04-24T00:00+02:00[Europe/Amsterdam],122,87.2395,80.035,76.813
2017-04-25T00:00+02:00[Europe/Amsterdam],122.650,90.625,86.7187,80.8163
2017-04-26T00:00+02:00[Europe/Amsterdam],121.450,84.375,87.4133,84.7223
2017-04-27T00:00+02:00[Europe/Amsterdam],121.100,82.552,85.8507,86.661
2017-04-28T00:00+02:00[Europe/Amsterdam],121.200,83.073,83.3333,85.5323
2017-05-02T00:00+02:00[Europe/Amsterdam],121.25,83.3335,82.9863,84.0567
2017-05-03T00:00+02:00[Europe/Amsterdam],122.25,88.5415,84.983,83.7677
2017-05-04T00:00+02:00[Europe/Amsterdam],122.300,88.802,86.8923,84.9537
2017-05-05T00:00+02:00[Europe/Amsterdam],122.400,89.323,88.889,86.9213
2017-05-08T00:00+02:00[Europe/Amsterdam],121.5,84.6355,87.587,87.7893
2017-05-09T00:00+02:00[Europe/Amsterdam],121.950,86.979,86.9793,87.8183
2017-05-10T00:00+02:00[Europe/Amsterdam],122.850,91.6665,87.7607,87.4423
2017-05-11T00:00+02:00[Europe/Amsterdam],122.150,88.021,88.889,87.8763
2017-05-12T00:00+02:00[Europe/Amsterdam],122.200,88.2815,89.3233,88.6577
2017-05-15T00:00+02:00[Europe/Amsterdam],123,92.448,89.5837,89.2653
2017-05-16T00:00+02:00[Europe/Amsterdam],123.150,93.229,91.3197,90.0757
2017-05-17T00:00+02:00[Europe/Amsterdam],120.650,80.2085,88.6287,89.844
2017-05-18T00:00+02:00[Europe/Amsterdam],118.200,67.448,80.2953,86.7477
2017-05-19T00:00+02:00[Europe/Amsterdam],120,76.823,74.8267,81.2503
2017-05-22T00:00+02:00[Europe/Amsterdam],118.350,67.895,70.722,75.2813
2017-05-23T00:00+02:00[Europe/Amsterdam],118.950,62.329,69.0157,71.5217
2017-05-24T00:00+02:00[Europe/Amsterdam],119.300,64.726,64.9833,68.2403
2017-05-25T00:00+02:00[Europe/Amsterdam],117.950,53.5715,60.209,64.736
2017-05-26T00:00+02:00[Europe/Amsterdam],119.600,60.246,59.5147,61.569
2017-05-29T00:00+02:00[Europe/Amsterdam],119.100,56.1475,56.6553,58.793
2017-05-30T00:00+02:00[Europe/Amsterdam],118.450,42.8572,53.0837,56.418
2017-05-31T00:00+02:00[Europe/Amsterdam],117.400,34.1122,44.3723,51.3703
2017-06-01T00:00+02:00[Europe/Amsterdam],117.100,33.7838,36.9177,44.7913
2017-06-02T00:00+02:00[Europe/Amsterdam],118.550,46.8469,38.2477,39.846
2017-06-05T00:00+02:00[Europe/Amsterdam],117.900,40.9910,40.5407,38.5687
2017-06-06T00:00+02:00[Europe/Amsterdam],117.200,41.0569,42.965,40.5843
2017-06-07T00:00+02:00[Europe/Amsterdam],117,39.4309,40.493,41.333
2017-06-08T00:00+02:00[Europe/Amsterdam],118.75,53.6585,44.7153,42.7243
2017-06-09T00:00+02:00[Europe/Amsterdam],118.950,55.2845,49.458,44.8887
2017-06-12T00:00+02:00[Europe/Amsterdam],112.600,25.4717,44.805,46.326
2017-06-13T00:00+02:00[Europe/Amsterdam],115.200,41.8239,40.860,45.041
2017-06-14T00:00+02:00[Europe/Amsterdam],116.350,49.0566,38.784,41.483
2017-06-15T00:00+02:00[Europe/Amsterdam],114,38.5294,43.1367,40.927
2017-06-16T00:00+02:00[Europe/Amsterdam],114.5,41.4706,43.019,41.6467
2017-06-19T00:00+02:00[Europe/Amsterdam],116,50.294,43.4313,43.1957
2017-06-20T00:00+02:00[Europe/Amsterdam],116.100,50.8825,47.549,44.6663
2017-06-21T00:00+02:00[Europe/Amsterdam],114.300,40.2941,47.157,46.0457
2017-06-22T00:00+02:00[Europe/Amsterdam],115.550,47.6471,46.2747,46.9937
2017-06-23T00:00+02:00[Europe/Amsterdam],116.5,53.2355,47.059,46.8303
2017-06-26T00:00+02:00[Europe/Amsterdam],119.5,70.8825,57.2553,50.1963
2017-06-27T00:00+02:00[Europe/Amsterdam],118.400,64.412,62.8433,55.719
2017-06-28T00:00+02:00[Europe/Amsterdam],115.350,46.4706,60.5887,60.2293
2017-06-29T00:00+02:00[Europe/Amsterdam],113.25,33.4356,48.1063,57.1793
2017-06-30T00:00+02:00[Europe/Amsterdam],113.650,35.8896,38.5987,49.098
2017-07-03T00:00+02:00[Europe/Amsterdam],113.850,39.7059,36.3437,41.0163
2017-07-04T00:00+02:00[Europe/Amsterdam],113.75,43.8202,39.8053,38.2493
2017-07-05T00:00+02:00[Europe/Amsterdam],113.850,44.3820,42.636,39.595
2017-07-06T00:00+02:00[Europe/Amsterdam],114.200,46.3483,44.8503,42.4307
2017-07-07T00:00+02:00[Europe/Amsterdam],114.200,46.3483,45.693,44.393
2017-07-10T00:00+02:00[Europe/Amsterdam],116.700,60.3935,51.030,47.191
2017-07-11T00:00+02:00[Europe/Amsterdam],117,62.0785,56.2737,50.999
2017-07-12T00:00+02:00[Europe/Amsterdam],118,67.6965,63.3897,56.898
2017-07-13T00:00+02:00[Europe/Amsterdam],119.100,73.8765,67.884,62.5157
2017-07-14T00:00+02:00[Europe/Amsterdam],119.300,75.0,72.191,67.8217
2017-07-17T00:00+02:00[Europe/Amsterdam],121.650,88.2025,79.0267,73.034
2017-07-18T00:00+02:00[Europe/Amsterdam],121.350,86.517,83.240,78.1527
2017-07-19T00:00+02:00[Europe/Amsterdam],126.800,99.177,91.299,84.522
2017-07-20T00:00+02:00[Europe/Amsterdam],130.400,100,95.2313,89.9233
2017-07-21T00:00+02:00[Europe/Amsterdam],131.100,97.5145,98.8973,95.1423
2017-07-24T00:00+02:00[Europe/Amsterdam],130.600,95.785,97.7667,97.2987
2017-07-25T00:00+02:00[Europe/Amsterdam],131.200,97.529,96.943,97.869
2017-07-26T00:00+02:00[Europe/Amsterdam],130.450,95.349,96.221,96.977
2017-07-27T00:00+02:00[Europe/Amsterdam],131.100,97.2385,96.7057,96.6233
2017-07-28T00:00+02:00[Europe/Amsterdam],129.200,91.715,94.7677,95.8983
2017-07-31T00:00+02:00[Europe/Amsterdam],127.950,88.0815,92.3453,94.606
2017-08-01T00:00+02:00[Europe/Amsterdam],127.150,85.756,88.5177,91.877
2017-08-02T00:00+02:00[Europe/Amsterdam],126.950,85.1745,86.3377,89.067
2017-08-03T00:00+02:00[Europe/Amsterdam],126.5,83.8665,84.9327,86.596
2017-08-04T00:00+02:00[Europe/Amsterdam],127.550,86.9185,85.320,85.530
2017-08-07T00:00+02:00[Europe/Amsterdam],129.600,92.878,87.8877,86.047
2017-08-08T00:00+02:00[Europe/Amsterdam],130.350,95.058,91.6183,88.2753
2017-08-09T00:00+02:00[Europe/Amsterdam],129.900,93.750,93.8953,91.1337
2017-08-10T00:00+02:00[Europe/Amsterdam],128.700,90.2615,93.0233,92.8457
2017-08-11T00:00+02:00[Europe/Amsterdam],125.800,81.8315,88.6147,91.8447
2017-08-14T00:00+02:00[Europe/Amsterdam],127.800,87.6455,86.5797,89.406
2017-08-15T00:00+02:00[Europe/Amsterdam],128.850,90.6975,86.725,87.3063
2017-08-16T00:00+02:00[Europe/Amsterdam],129.75,93.314,90.5523,87.9523
2017-08-17T00:00+02:00[Europe/Amsterdam],129.900,93.750,92.5873,89.9547
2017-08-18T00:00+02:00[Europe/Amsterdam],128.150,88.663,91.909,91.683
2017-08-21T00:00+02:00[Europe/Amsterdam],128,88.227,90.2133,91.5697
2017-08-22T00:00+02:00[Europe/Amsterdam],128.5,89.6805,88.857,90.3263
2017-08-23T00:00+02:00[Europe/Amsterdam],129.950,93.8955,90.6013,89.8903
2017-08-24T00:00+02:00[Europe/Amsterdam],129.450,92.442,92.006,90.488
2017-08-25T00:00+02:00[Europe/Amsterdam],129.25,91.8605,92.733,91.780
2017-08-28T00:00+02:00[Europe/Amsterdam],127.75,87.50,90.601,91.780
2017-08-29T00:00+02:00[Europe/Amsterdam],126.350,83.4305,87.5973,90.3103
2017-08-30T00:00+02:00[Europe/Amsterdam],128.100,88.5175,86.483,88.227
2017-08-31T00:00+02:00[Europe/Amsterdam],129.900,93.750,88.566,87.5487
2017-09-01T00:00+02:00[Europe/Amsterdam],131.25,97.6745,93.3143,89.4543
2017-09-04T00:00+02:00[Europe/Amsterdam],130.600,95.785,95.7367,92.539
2017-09-05T00:00+02:00[Europe/Amsterdam],130.300,94.913,96.1243,95.0583
2017-09-06T00:00+02:00[Europe/Amsterdam],129.400,92.2965,94.3317,95.3977
2017-09-07T00:00+02:00[Europe/Amsterdam],130.900,96.657,94.6223,95.026
2017-09-08T00:00+02:00[Europe/Amsterdam],132.550,98.3605,95.7717,94.9087
2017-09-11T00:00+02:00[Europe/Amsterdam],133.300,98.939,97.9857,96.1267
2017-09-12T00:00+02:00[Europe/Amsterdam],134.450,96.201,97.8337,97.197
2017-09-13T00:00+02:00[Europe/Amsterdam],133.950,94.8365,96.659,97.4927
2017-09-14T00:00+02:00[Europe/Amsterdam],133.800,94.271,95.103,96.532
2017-09-15T00:00+02:00[Europe/Amsterdam],134.950,97.0835,95.3973,95.7197
2017-09-18T00:00+02:00[Europe/Amsterdam],136.050,98.5955,96.6503,95.7167
2017-09-19T00:00+02:00[Europe/Amsterdam],139.400,99.231,98.3033,96.7837
2017-09-20T00:00+02:00[Europe/Amsterdam],138.100,94.177,97.3347,97.4297
2017-09-21T00:00+02:00[Europe/Amsterdam],137.700,92.819,95.409,97.0157
2017-09-22T00:00+02:00[Europe/Amsterdam],137.600,92.0455,93.014,95.2527
2017-09-25T00:00+02:00[Europe/Amsterdam],136.800,89.773,91.546,93.323
2017-09-26T00:00+02:00[Europe/Amsterdam],136.100,82.8685,88.2293,90.9297
2017-09-27T00:00+02:00[Europe/Amsterdam],138.400,92.032,88.2247,89.3333
2017-09-28T00:00+02:00[Europe/Amsterdam],142.100,97.819,90.9067,89.1203
2017-09-29T00:00+02:00[Europe/Amsterdam],142.950,96.605,95.4853,91.5387
2017-10-02T00:00+02:00[Europe/Amsterdam],144.100,97.5145,97.313,94.5683
2017-10-03T00:00+02:00[Europe/Amsterdam],144.450,93.9155,96.012,96.270
2017-10-04T00:00+02:00[Europe/Amsterdam],144.100,92.9895,94.8067,96.044
2017-10-05T00:00+02:00[Europe/Amsterdam],143.300,90.873,92.5927,94.4707
2017-10-06T00:00+02:00[Europe/Amsterdam],142.850,89.6825,91.182,92.8603
2017-10-09T00:00+02:00[Europe/Amsterdam],144.200,93.254,91.270,91.6817
2017-10-10T00:00+02:00[Europe/Amsterdam],143.650,91.799,91.5787,91.3437
2017-10-11T00:00+02:00[Europe/Amsterdam],144.150,93.1215,92.725,91.858
2017-10-12T00:00+02:00[Europe/Amsterdam],144.800,94.8415,93.2543,92.5193
2017-10-13T00:00+02:00[Europe/Amsterdam],146.950,99.1005,95.688,93.889
2017-10-16T00:00+02:00[Europe/Amsterdam],148.300,97.448,97.130,95.3573
2017-10-17T00:00+02:00[Europe/Amsterdam],148.5,97.254,97.9343,96.9173
2017-10-18T00:00+02:00[Europe/Amsterdam],143.350,85.469,93.3903,96.1513
2017-10-19T00:00+02:00[Europe/Amsterdam],146.400,92.4485,91.724,94.3497
2017-10-20T00:00+02:00[Europe/Amsterdam],147.700,95.1575,91.0253,92.0463
2017-10-23T00:00+02:00[Europe/Amsterdam],148.900,97.3745,94.9937,92.581
2017-10-24T00:00+02:00[Europe/Amsterdam],150.75,97.5875,96.7067,94.242
2017-10-25T00:00+02:00[Europe/Amsterdam],149.900,95.7235,96.8953,96.1983
2017-10-26T00:00+02:00[Europe/Amsterdam],150.100,96.1625,96.4913,96.6977
2017-10-27T00:00+02:00[Europe/Amsterdam],152.400,99.158,97.0147,96.8007
2017-10-30T00:00+01:00[Europe/Amsterdam],152.400,96.4215,97.2477,96.918
2017-10-31T00:00+01:00[Europe/Amsterdam],153.400,98.4095,97.9967,97.4197
2017-11-01T00:00+01:00[Europe/Amsterdam],155,99.241,98.024,97.756
2017-11-02T00:00+01:00[Europe/Amsterdam],154.850,97.0805,98.244,98.0883
2017-11-03T00:00+01:00[Europe/Amsterdam],155.800,98.814,98.3787,98.2157
2017-11-06T00:00+01:00[Europe/Amsterdam],157.050,98.1805,98.0253,98.216
2017-11-07T00:00+01:00[Europe/Amsterdam],158,97.8005,98.2653,98.223
2017-11-08T00:00+01:00[Europe/Amsterdam],156.350,94.7695,96.917,97.736
2017-11-09T00:00+01:00[Europe/Amsterdam],152.400,87.6785,93.4163,96.1993
2017-11-10T00:00+01:00[Europe/Amsterdam],152.350,87.5895,90.0127,93.4487
2017-11-13T00:00+01:00[Europe/Amsterdam],151.850,86.6965,87.3217,90.2503
2017-11-14T00:00+01:00[Europe/Amsterdam],151.850,86.6965,86.9943,88.1093
2017-11-15T00:00+01:00[Europe/Amsterdam],149.300,80.843,84.7453,86.3537
2017-11-16T00:00+01:00[Europe/Amsterdam],151.150,83.9565,83.8323,85.1907
2017-11-17T00:00+01:00[Europe/Amsterdam],152.350,85.670,83.490,84.0227
2017-11-20T00:00+01:00[Europe/Amsterdam],151.75,84.433,84.6867,84.003
2017-11-21T00:00+01:00[Europe/Amsterdam],153.650,88.3505,86.1513,84.776
2017-11-22T00:00+01:00[Europe/Amsterdam],155.25,91.309,88.031,86.2897
2017-11-23T00:00+01:00[Europe/Amsterdam],154.25,88.998,89.5527,87.9117
2017-11-24T00:00+01:00[Europe/Amsterdam],154.900,89.791,90.0327,89.2057
2017-11-27T00:00+01:00[Europe/Amsterdam],154.550,88.979,89.256,89.6137
2017-11-28T00:00+01:00[Europe/Amsterdam],154.350,88.515,89.095,89.4613
2017-11-29T00:00+01:00[Europe/Amsterdam],146.850,71.1135,82.8693,87.0733
2017-11-30T00:00+01:00[Europe/Amsterdam],145.450,67.8655,75.8317,82.5987
2017-12-01T00:00+01:00[Europe/Amsterdam],143.700,63.805,67.5947,75.432
2017-12-04T00:00+01:00[Europe/Amsterdam],142.050,59.977,63.8827,69.103
2017-12-05T00:00+01:00[Europe/Amsterdam],141.5,50.5555,58.1127,63.1967
2017-12-06T00:00+01:00[Europe/Amsterdam],142.550,47.1609,52.5647,58.1867
2017-12-07T00:00+01:00[Europe/Amsterdam],143.850,47.6271,48.448,53.0417
2017-12-08T00:00+01:00[Europe/Amsterdam],146.150,55.424,50.0707,50.3613
2017-12-11T00:00+01:00[Europe/Amsterdam],145.350,52.712,51.921,50.1467
2017-12-12T00:00+01:00[Europe/Amsterdam],146.700,57.288,55.1413,52.3777
2017-12-13T00:00+01:00[Europe/Amsterdam],146.400,56.271,55.4237,54.162
2017-12-14T00:00+01:00[Europe/Amsterdam],145.850,54.407,55.9887,55.518
2017-12-15T00:00+01:00[Europe/Amsterdam],145.050,51.695,54.1243,55.1787
2017-12-18T00:00+01:00[Europe/Amsterdam],147.400,59.661,55.2543,55.1223
2017-12-19T00:00+01:00[Europe/Amsterdam],148.800,64.407,58.5877,55.989
2017-12-20T00:00+01:00[Europe/Amsterdam],146.75,57.4575,60.5087,58.117
2017-12-21T00:00+01:00[Europe/Amsterdam],146.700,57.288,59.7177,59.6047
2017-12-22T00:00+01:00[Europe/Amsterdam],146.75,57.4575,57.4013,59.209
2017-12-27T00:00+01:00[Europe/Amsterdam],144.550,50,54.9153,57.3447
2017-12-28T00:00+01:00[Europe/Amsterdam],145.400,52.8815,53.4467,55.2547
2017-12-29T00:00+01:00[Europe/Amsterdam],144.900,51.1865,51.3563,53.2393
2018-01-02T00:00+01:00[Europe/Amsterdam],142.200,42.0339,48.7007,51.168
2018-01-03T00:00+01:00[Europe/Amsterdam],146.850,57.7965,50.339,50.132
2018-01-04T00:00+01:00[Europe/Amsterdam],147.650,60.5085,53.4463,50.8287
2018-01-05T00:00+01:00[Europe/Amsterdam],149.650,67.288,61.8643,55.2163
2018-01-08T00:00+01:00[Europe/Amsterdam],151.900,74.9155,67.571,60.9607
2018-01-09T00:00+01:00[Europe/Amsterdam],152.200,75.932,72.712,67.3823
2018-01-10T00:00+01:00[Europe/Amsterdam],149.700,67.4575,72.7687,71.0173
2018-01-11T00:00+01:00[Europe/Amsterdam],147.900,61.356,68.2487,71.2433
2018-01-12T00:00+01:00[Europe/Amsterdam],147.600,60.339,63.051,68.0227
2018-01-15T00:00+01:00[Europe/Amsterdam],150.400,69.8305,63.842,65.0473
2018-01-16T00:00+01:00[Europe/Amsterdam],152.100,75.593,68.5877,65.1603
2018-01-17T00:00+01:00[Europe/Amsterdam],158.150,94.013,79.8123,70.7473
2018-01-18T00:00+01:00[Europe/Amsterdam],163.300,97.954,89.1867,79.1957
2018-01-19T00:00+01:00[Europe/Amsterdam],165.300,97.2665,96.4113,88.470
2018-01-22T00:00+01:00[Europe/Amsterdam],166.100,97.9955,97.739,94.4457
2018-01-23T00:00+01:00[Europe/Amsterdam],166.350,96.781,97.3477,97.166
2018-01-24T00:00+01:00[Europe/Amsterdam],163.300,90.236,95.0043,96.697
2018-01-25T00:00+01:00[Europe/Amsterdam],163.350,90.3435,92.4537,94.9353
2018-01-26T00:00+01:00[Europe/Amsterdam],162.850,89.2705,89.9503,92.4693
2018-01-29T00:00+01:00[Europe/Amsterdam],163.550,90.7725,90.129,90.8443
2018-01-30T00:00+01:00[Europe/Amsterdam],162.25,87.983,89.342,89.807
2018-01-31T00:00+01:00[Europe/Amsterdam],162.300,88.090,88.9487,89.4733
2018-02-01T00:00+01:00[Europe/Amsterdam],161.850,87.1245,87.7327,88.6747
2018-02-02T00:00+01:00[Europe/Amsterdam],158,78.8625,84.6927,87.1247
2018-02-05T00:00+01:00[Europe/Amsterdam],154.600,71.5665,79.1847,83.870
2018-02-06T00:00+01:00[Europe/Amsterdam],150.100,61.910,70.7797,78.219
2018-02-07T00:00+01:00[Europe/Amsterdam],153.550,69.3135,67.597,72.5203
2018-02-08T00:00+01:00[Europe/Amsterdam],147.200,55.6865,62.3037,66.8937
2018-02-09T00:00+01:00[Europe/Amsterdam],145.850,52.7895,59.2633,63.0547
2018-02-12T00:00+01:00[Europe/Amsterdam],148.800,59.120,55.8653,59.144
2018-02-13T00:00+01:00[Europe/Amsterdam],148.800,59.120,57.010,57.3797
2018-02-14T00:00+01:00[Europe/Amsterdam],147.850,57.0815,58.4407,57.1053
2018-02-15T00:00+01:00[Europe/Amsterdam],153.050,68.2405,61.481,58.9773
2018-02-16T00:00+01:00[Europe/Amsterdam],154.950,72.3175,65.880,61.934
2018-02-19T00:00+01:00[Europe/Amsterdam],153.75,67.5115,69.3567,65.5727
2018-02-20T00:00+01:00[Europe/Amsterdam],153.25,66.3595,68.7297,67.989
2018-02-21T00:00+01:00[Europe/Amsterdam],157.150,75.3455,69.739,69.275
2018-02-22T00:00+01:00[Europe/Amsterdam],156.650,74.1935,71.9663,70.145
2018-02-23T00:00+01:00[Europe/Amsterdam],156.950,74.885,74.808,72.171
2018-02-26T00:00+01:00[Europe/Amsterdam],159.75,81.3365,76.8053,74.5263
2018-02-27T00:00+01:00[Europe/Amsterdam],161.100,84.447,80.223,77.2787
2018-02-28T00:00+01:00[Europe/Amsterdam],161.300,84.908,83.564,80.1973
2018-03-01T00:00+01:00[Europe/Amsterdam],156.400,73.6175,80.991,81.5927
2018-03-02T00:00+01:00[Europe/Amsterdam],153.550,67.0505,75.1923,79.9157
2018-03-05T00:00+01:00[Europe/Amsterdam],154.850,70.046,70.238,75.4737
2018-03-06T00:00+01:00[Europe/Amsterdam],160.75,83.6405,73.5793,73.003
2018-03-07T00:00+01:00[Europe/Amsterdam],161.150,84.562,79.4163,74.411
2018-03-08T00:00+01:00[Europe/Amsterdam],165.700,95.046,87.7497,80.2487
2018-03-09T00:00+01:00[Europe/Amsterdam],166.300,96.4285,92.0123,86.3927
2018-03-12T00:00+01:00[Europe/Amsterdam],169.550,97.041,96.172,91.978
2018-03-13T00:00+01:00[Europe/Amsterdam],168.600,93.228,95.566,94.5833
2018-03-14T00:00+01:00[Europe/Amsterdam],168.350,92.4945,94.2547,95.331
2018-03-15T00:00+01:00[Europe/Amsterdam],171.5,99.4265,95.050,94.957
2018-03-16T00:00+01:00[Europe/Amsterdam],172.950,98.729,96.8833,95.396
2018-03-19T00:00+01:00[Europe/Amsterdam],170.650,92.6805,96.9457,96.293
2018-03-20T00:00+01:00[Europe/Amsterdam],170.550,92.4745,94.6283,96.1523
2018-03-21T00:00+01:00[Europe/Amsterdam],173.300,98.1445,94.4333,95.3357
2018-03-22T00:00+01:00[Europe/Amsterdam],167.25,85.670,92.0963,93.7193
2018-03-23T00:00+01:00[Europe/Amsterdam],162.450,74.8395,86.2183,90.916
2018-03-26T00:00+02:00[Europe/Amsterdam],162.400,74.7325,78.4143,85.5763
2018-03-27T00:00+02:00[Europe/Amsterdam],166.100,82.6555,77.4093,80.6807
2018-03-28T00:00+02:00[Europe/Amsterdam],156.550,62.2055,73.198,76.3407
2018-03-29T00:00+02:00[Europe/Amsterdam],157.300,63.8115,69.5577,73.3883
2018-04-03T00:00+02:00[Europe/Amsterdam],157.200,63.5975,63.205,68.6537
2018-04-04T00:00+02:00[Europe/Amsterdam],155.5,59.957,62.4553,65.0727
2018-04-05T00:00+02:00[Europe/Amsterdam],161.200,72.163,65.2393,63.633
2018-04-06T00:00+02:00[Europe/Amsterdam],160,69.593,67.2377,64.9777
2018-04-09T00:00+02:00[Europe/Amsterdam],159.850,69.272,70.3427,67.6067
2018-04-10T00:00+02:00[Europe/Amsterdam],163.600,77.302,72.0557,69.8787
2018-04-11T00:00+02:00[Europe/Amsterdam],163.550,77.195,74.5897,72.3293
2018-04-12T00:00+02:00[Europe/Amsterdam],165.100,80.514,78.337,74.994
2018-04-13T00:00+02:00[Europe/Amsterdam],165.900,82.227,79.9787,77.6353
2018-04-16T00:00+02:00[Europe/Amsterdam],166.25,82.9765,81.906,80.074
2018-04-17T00:00+02:00[Europe/Amsterdam],167.400,85.439,83.5477,81.811
2018-04-18T00:00+02:00[Europe/Amsterdam],163.850,77.8375,82.0847,82.513
2018-04-19T00:00+02:00[Europe/Amsterdam],159.900,69.379,77.552,81.0613
2018-04-20T00:00+02:00[Europe/Amsterdam],156.75,62.634,69.9503,76.529
2018-04-23T00:00+02:00[Europe/Amsterdam],156.800,62.741,64.918,70.8067
2018-04-24T00:00+02:00[Europe/Amsterdam],156.400,61.3885,62.2547,65.7077
2018-04-25T00:00+02:00[Europe/Amsterdam],156.200,60.9545,61.695,62.956
2018-04-26T00:00+02:00[Europe/Amsterdam],158.25,62.382,61.575,61.8417
2018-04-27T00:00+02:00[Europe/Amsterdam],158.150,58.203,60.5133,61.261
2018-04-30T00:00+02:00[Europe/Amsterdam],156.400,52.0215,57.5357,59.8747
2018-05-02T00:00+02:00[Europe/Amsterdam],158.5,57.682,55.969,58.006
2018-05-03T00:00+02:00[Europe/Amsterdam],159.150,57.961,55.8883,56.4643
2018-05-04T00:00+02:00[Europe/Amsterdam],159.75,59.637,58.4267,56.7613
2018-05-07T00:00+02:00[Europe/Amsterdam],162.600,67.598,61.732,58.6823
2018-05-08T00:00+02:00[Europe/Amsterdam],161.900,65.6425,64.2927,61.484
2018-05-09T00:00+02:00[Europe/Amsterdam],162.650,67.7375,66.993,64.3393
2018-05-10T00:00+02:00[Europe/Amsterdam],166.100,77.3745,70.2517,67.1793
2018-05-11T00:00+02:00[Europe/Amsterdam],166.600,78.771,74.6277,70.6243
2018-05-14T00:00+02:00[Europe/Amsterdam],167,79.8885,78.6783,74.519
2018-05-15T00:00+02:00[Europe/Amsterdam],168.150,83.1005,80.587,77.9643
2018-05-16T00:00+02:00[Europe/Amsterdam],168.450,81.5705,81.520,80.2617
2018-05-17T00:00+02:00[Europe/Amsterdam],170.650,88.622,84.431,82.1793
2018-05-18T00:00+02:00[Europe/Amsterdam],167,76.923,82.372,82.7743
2018-05-21T00:00+02:00[Europe/Amsterdam],169.300,84.295,83.280,83.361
2018-05-22T00:00+02:00[Europe/Amsterdam],171.150,90.2245,83.8143,83.1553
2018-05-23T00:00+02:00[Europe/Amsterdam],168.900,83.013,85.8443,84.3127
2018-05-24T00:00+02:00[Europe/Amsterdam],169.400,84.6155,85.9513,85.2033
2018-05-25T00:00+02:00[Europe/Amsterdam],170.300,87.50,85.043,85.613
2018-05-28T00:00+02:00[Europe/Amsterdam],170.350,87.6605,86.5923,85.862
2018-05-29T00:00+02:00[Europe/Amsterdam],168.800,82.6925,85.9513,85.862
2018-05-30T00:00+02:00[Europe/Amsterdam],168.550,81.891,84.0813,85.5417
2018-05-31T00:00+02:00[Europe/Amsterdam],167.400,79.530,81.3713,83.8013
2018-06-01T00:00+02:00[Europe/Amsterdam],168.450,83.0535,81.4917,82.315
2018-06-04T00:00+02:00[Europe/Amsterdam],172.650,97.3065,86.6303,83.1643
2018-06-05T00:00+02:00[Europe/Amsterdam],174.150,98.8995,93.0867,87.0697
2018-06-06T00:00+02:00[Europe/Amsterdam],177.550,96.3325,97.513,92.410
2018-06-07T00:00+02:00[Europe/Amsterdam],176.200,89.2855,94.8393,95.1463
2018-06-08T00:00+02:00[Europe/Amsterdam],174.350,85.1565,90.2583,94.2033
2018-06-11T00:00+02:00[Europe/Amsterdam],176.050,88.951,87.7977,90.9653
2018-06-12T00:00+02:00[Europe/Amsterdam],175.850,88.5045,87.5377,88.5313
2018-06-13T00:00+02:00[Europe/Amsterdam],179,95.5355,90.9973,88.7773
2018-06-14T00:00+02:00[Europe/Amsterdam],180.850,98.581,94.207,90.914
2018-06-15T00:00+02:00[Europe/Amsterdam],184.150,95.625,96.5807,93.9283
2018-06-18T00:00+02:00[Europe/Amsterdam],179.75,87.768,93.9913,94.9263
2018-06-19T00:00+02:00[Europe/Amsterdam],174.5,78.393,87.262,92.6113
2018-06-20T00:00+02:00[Europe/Amsterdam],176.650,82.232,82.7977,88.017
2018-06-21T00:00+02:00[Europe/Amsterdam],175.150,79.5535,80.0597,83.3733
2018-06-22T00:00+02:00[Europe/Amsterdam],175.650,80.4465,80.7443,81.2003
2018-06-25T00:00+02:00[Europe/Amsterdam],168.400,67.50,75.8333,78.879
2018-06-26T00:00+02:00[Europe/Amsterdam],169.450,69.375,72.4407,76.3397
2018-06-27T00:00+02:00[Europe/Amsterdam],168.050,66.875,67.9167,72.0637
2018-06-28T00:00+02:00[Europe/Amsterdam],164.400,60.357,65.5357,68.631
2018-06-29T00:00+02:00[Europe/Amsterdam],169.100,68.750,65.3273,66.2597
2018-07-02T00:00+02:00[Europe/Amsterdam],165.550,62.4105,63.8393,64.9007
2018-07-03T00:00+02:00[Europe/Amsterdam],164.900,61.250,64.137,64.4347
2018-07-04T00:00+02:00[Europe/Amsterdam],163.150,58.125,60.5953,62.857
2018-07-05T00:00+02:00[Europe/Amsterdam],163.5,58.750,59.375,61.369
2018-07-06T00:00+02:00[Europe/Amsterdam],164.300,60.1785,59.018,59.6627
2018-07-09T00:00+02:00[Europe/Amsterdam],168.050,66.875,61.9347,60.1093
2018-07-10T00:00+02:00[Europe/Amsterdam],169.050,66.5075,64.5207,61.8247
2018-07-11T00:00+02:00[Europe/Amsterdam],167.050,61.965,65.116,63.857
2018-07-12T00:00+02:00[Europe/Amsterdam],166.650,59.3685,62.614,64.0837
2018-07-13T00:00+02:00[Europe/Amsterdam],170.550,65.335,62.223,63.3177
2018-07-16T00:00+02:00[Europe/Amsterdam],170.100,64.363,63.0223,62.6197
2018-07-17T00:00+02:00[Europe/Amsterdam],169.200,58.5715,62.7567,62.6673
2018-07-18T00:00+02:00[Europe/Amsterdam],179.400,82.5665,68.5007,64.760
2018-07-19T00:00+02:00[Europe/Amsterdam],184.25,93.468,78.202,69.8197
2018-07-20T00:00+02:00[Europe/Amsterdam],183.200,90.974,89.003,78.5687
2018-07-23T00:00+02:00[Europe/Amsterdam],185.450,93.430,92.624,86.6097
2018-07-24T00:00+02:00[Europe/Amsterdam],186,93.026,92.4767,91.368
2018-07-25T00:00+02:00[Europe/Amsterdam],183.050,86.6955,91.0507,92.0507
2018-07-26T00:00+02:00[Europe/Amsterdam],183.850,88.412,89.378,90.9683
2018-07-27T00:00+02:00[Europe/Amsterdam],184.75,90.3435,88.484,89.6377
2018-07-30T00:00+02:00[Europe/Amsterdam],183.050,86.6955,88.484,88.782
2018-07-31T00:00+02:00[Europe/Amsterdam],183,86.588,87.8757,88.2813
2018-08-01T00:00+02:00[Europe/Amsterdam],182.800,86.159,86.481,87.6137
2018-08-02T00:00+02:00[Europe/Amsterdam],181.5,83.369,85.372,86.5763
2018-08-03T00:00+02:00[Europe/Amsterdam],183.5,87.661,85.7297,85.861
2018-08-06T00:00+02:00[Europe/Amsterdam],183.650,87.983,86.3377,85.8133
2018-08-07T00:00+02:00[Europe/Amsterdam],184.350,89.485,88.3763,86.8143
2018-08-08T00:00+02:00[Europe/Amsterdam],183.650,87.983,88.4837,87.7327
2018-08-09T00:00+02:00[Europe/Amsterdam],183,86.588,88.0187,88.293
2018-08-10T00:00+02:00[Europe/Amsterdam],178.650,77.253,83.9413,86.8143
2018-08-13T00:00+02:00[Europe/Amsterdam],177.5,74.7855,79.5423,83.834
2018-08-14T00:00+02:00[Europe/Amsterdam],180.5,81.223,77.754,80.4127
2018-08-15T00:00+02:00[Europe/Amsterdam],173.600,66.4165,74.142,77.146
2018-08-16T00:00+02:00[Europe/Amsterdam],173.600,66.4165,71.3523,74.416
2018-08-17T00:00+02:00[Europe/Amsterdam],170,58.691,63.8413,69.7783
2018-08-20T00:00+02:00[Europe/Amsterdam],172.340,63.7125,62.9403,66.0447
2018-08-21T00:00+02:00[Europe/Amsterdam],173.200,65.558,62.654,63.1453
2018-08-22T00:00+02:00[Europe/Amsterdam],171.820,62.5965,63.956,63.1833
2018-08-23T00:00+02:00[Europe/Amsterdam],173.160,65.472,64.5423,63.7173
2018-08-24T00:00+02:00[Europe/Amsterdam],173.340,65.8585,64.6427,64.3803
2018-08-27T00:00+02:00[Europe/Amsterdam],175.380,70.236,67.189,65.458
2018-08-28T00:00+02:00[Europe/Amsterdam],175.820,71.1805,69.092,66.9747
2018-08-29T00:00+02:00[Europe/Amsterdam],175.160,69.764,70.3937,68.8917
2018-08-30T00:00+02:00[Europe/Amsterdam],175.540,70.5795,70.5083,69.998
2018-08-31T00:00+02:00[Europe/Amsterdam],174.820,69.0345,69.793,70.2317
2018-09-03T00:00+02:00[Europe/Amsterdam],174.820,69.0345,69.5497,69.9503
2018-09-04T00:00+02:00[Europe/Amsterdam],171.300,61.4805,66.5167,68.620
2018-09-05T00:00+02:00[Europe/Amsterdam],167.280,52.854,61.123,65.7297
2018-09-06T00:00+02:00[Europe/Amsterdam],158.720,34.4850,49.6067,59.0823
2018-09-07T00:00+02:00[Europe/Amsterdam],155.200,43.6818,43.6737,51.468
2018-09-10T00:00+02:00[Europe/Amsterdam],157.220,47.0229,41.730,45.0033
2018-09-11T00:00+02:00[Europe/Amsterdam],156.560,45.9312,45.5453,43.6497
2018-09-12T00:00+02:00[Europe/Amsterdam],148.580,34.2973,42.417,43.2307
2018-09-13T00:00+02:00[Europe/Amsterdam],151.660,41.2105,40.4797,42.814
2018-09-14T00:00+02:00[Europe/Amsterdam],156.800,49.2493,41.5857,41.494
2018-09-17T00:00+02:00[Europe/Amsterdam],156.520,48.8114,46.4237,42.8297
2018-09-18T00:00+02:00[Europe/Amsterdam],156.180,48.2797,48.780,45.5963
2018-09-19T00:00+02:00[Europe/Amsterdam],159.680,53.7535,50.2817,48.495
2018-09-20T00:00+02:00[Europe/Amsterdam],160.520,55.0675,52.367,50.4763
2018-09-21T00:00+02:00[Europe/Amsterdam],159.960,54.1915,54.3377,52.329
2018-09-24T00:00+02:00[Europe/Amsterdam],160,54.254,54.5043,53.7363
2018-09-25T00:00+02:00[Europe/Amsterdam],161.280,56.256,54.9007,54.581
2018-09-26T00:00+02:00[Europe/Amsterdam],159.120,52.8775,54.4627,54.6227
2018-09-27T00:00+02:00[Europe/Amsterdam],159.660,53.722,54.2853,54.5493
2018-09-28T00:00+02:00[Europe/Amsterdam],159.180,52.9715,53.1907,53.9797
2018-10-01T00:00+02:00[Europe/Amsterdam],162.080,57.507,54.7337,54.070
2018-10-02T00:00+02:00[Europe/Amsterdam],161.800,57.9805,56.1533,54.6923
2018-10-03T00:00+02:00[Europe/Amsterdam],164.680,63.065,59.5177,56.8017
2018-10-04T00:00+02:00[Europe/Amsterdam],161.700,57.8035,59.6167,58.4293
2018-10-05T00:00+02:00[Europe/Amsterdam],159.160,53.319,58.0627,59.0657
2018-10-08T00:00+02:00[Europe/Amsterdam],157.440,50.2825,53.802,57.1603
2018-10-09T00:00+02:00[Europe/Amsterdam],155.040,46.0452,49.8823,53.9157
2018-10-10T00:00+02:00[Europe/Amsterdam],150.040,37.2175,44.515,49.3997
2018-10-11T00:00+02:00[Europe/Amsterdam],140.340,24.3650,35.876,43.4243
2018-10-12T00:00+02:00[Europe/Amsterdam],148.760,38.4359,33.3393,37.910
2018-10-15T00:00+02:00[Europe/Amsterdam],147.140,45.0572,35.9527,35.056
2018-10-16T00:00+02:00[Europe/Amsterdam],149.540,48.4366,43.9767,37.7563
2018-10-17T00:00+02:00[Europe/Amsterdam],159.820,63.844,52.446,44.125
2018-10-18T00:00+02:00[Europe/Amsterdam],155.320,57.763,56.6813,51.0347
2018-10-19T00:00+02:00[Europe/Amsterdam],152.560,53.2235,58.277,55.8013
2018-10-22T00:00+02:00[Europe/Amsterdam],151.860,52.0725,54.3533,56.437
2018-10-23T00:00+02:00[Europe/Amsterdam],143.640,39.5470,48.281,53.637
2018-10-24T00:00+02:00[Europe/Amsterdam],142.040,36.6970,42.7723,48.4687
2018-10-25T00:00+02:00[Europe/Amsterdam],138.260,33.9274,36.7237,42.5923
2018-10-26T00:00+02:00[Europe/Amsterdam],142.640,43.8602,38.1617,39.2193
2018-10-29T00:00+01:00[Europe/Amsterdam],145.160,47.8275,41.8717,38.919
2018-10-30T00:00+01:00[Europe/Amsterdam],144.620,46.9774,46.2217,42.085
2018-10-31T00:00+01:00[Europe/Amsterdam],148.720,53.432,49.4123,45.8353
2018-11-01T00:00+01:00[Europe/Amsterdam],148.860,53.6525,51.354,48.996
2018-11-02T00:00+01:00[Europe/Amsterdam],152.220,58.942,55.3423,52.036
2018-11-05T00:00+01:00[Europe/Amsterdam],148.800,53.558,55.3843,54.0267
2018-11-06T00:00+01:00[Europe/Amsterdam],149.080,54.037,55.5123,55.413
2018-11-07T00:00+01:00[Europe/Amsterdam],153.380,60.871,56.1553,55.684
2018-11-08T00:00+01:00[Europe/Amsterdam],152.820,59.981,58.2963,56.6547
2018-11-09T00:00+01:00[Europe/Amsterdam],150.540,56.3575,59.070,57.8407
2018-11-12T00:00+01:00[Europe/Amsterdam],148.240,52.702,56.347,57.9043
2018-11-13T00:00+01:00[Europe/Amsterdam],149.460,55.969,55.0097,56.809
2018-11-14T00:00+01:00[Europe/Amsterdam],149.020,56.1875,54.953,55.4367
2018-11-15T00:00+01:00[Europe/Amsterdam],149.480,57.3355,56.4977,55.487
2018-11-16T00:00+01:00[Europe/Amsterdam],147.460,52.2955,55.273,55.5747
2018-11-19T00:00+01:00[Europe/Amsterdam],143.800,43.1637,50.9317,54.2343
2018-11-20T00:00+01:00[Europe/Amsterdam],136.280,36.8750,44.1113,50.1053
2018-11-21T00:00+01:00[Europe/Amsterdam],142.720,50.2915,43.4433,46.162
2018-11-22T00:00+01:00[Europe/Amsterdam],142.340,49.50,45.5557,44.370
2018-11-23T00:00+01:00[Europe/Amsterdam],142.340,49.50,49.764,46.2543
2018-11-26T00:00+01:00[Europe/Amsterdam],144.700,54.4165,51.139,48.8197
2018-11-27T00:00+01:00[Europe/Amsterdam],146.180,57.50,53.8057,51.5697
2018-11-28T00:00+01:00[Europe/Amsterdam],148.480,62.2915,58.0697,54.3383
2018-11-29T00:00+01:00[Europe/Amsterdam],150.180,65.8335,61.8753,57.9167
2018-11-30T00:00+01:00[Europe/Amsterdam],148.020,61.3335,63.153,61.0327
2018-12-03T00:00+01:00[Europe/Amsterdam],152.700,71.0835,66.0837,63.704
2018-12-04T00:00+01:00[Europe/Amsterdam],152.720,71.125,67.8473,65.6947
2018-12-05T00:00+01:00[Europe/Amsterdam],149.320,64.0415,68.7503,67.5603
2018-12-06T00:00+01:00[Europe/Amsterdam],142.620,50.0835,61.7503,66.116
2018-12-07T00:00+01:00[Europe/Amsterdam],141.560,47.8750,54.000,61.5003
2018-12-10T00:00+01:00[Europe/Amsterdam],138.700,41.9167,46.625,54.125
2018-12-11T00:00+01:00[Europe/Amsterdam],141.900,48.5834,46.125,48.9167
2018-12-12T00:00+01:00[Europe/Amsterdam],143.600,52.229,47.5763,46.7753
2018-12-13T00:00+01:00[Europe/Amsterdam],143.540,52.190,51.0007,48.234
2018-12-14T00:00+01:00[Europe/Amsterdam],139.640,43.2938,49.2377,49.2717
2018-12-17T00:00+01:00[Europe/Amsterdam],141.200,46.8522,47.4453,49.2277
2018-12-18T00:00+01:00[Europe/Amsterdam],141.560,47.6734,45.9397,47.541
2018-12-19T00:00+01:00[Europe/Amsterdam],138.060,39.7448,44.7567,46.0473
2018-12-20T00:00+01:00[Europe/Amsterdam],134.160,42.9270,43.4483,44.715
2018-12-21T00:00+01:00[Europe/Amsterdam],130.860,44.4885,42.3867,43.5307
2018-12-24T00:00+01:00[Europe/Amsterdam],130.300,44.3360,43.9173,43.2507
2018-12-27T00:00+01:00[Europe/Amsterdam],131.160,45.7357,44.8533,43.719
2018-12-28T00:00+01:00[Europe/Amsterdam],133,48.4536,46.175,44.982
2018-12-31T00:00+01:00[Europe/Amsterdam],135.700,53.8065,49.332,46.7867
2019-01-02T00:00+01:00[Europe/Amsterdam],132.960,48.3743,50.2113,48.5727
2019-01-03T00:00+01:00[Europe/Amsterdam],130.120,42.7439,48.3083,49.284
2019-01-04T00:00+01:00[Europe/Amsterdam],131.140,44.7661,45.2947,47.938
2019-01-07T00:00+01:00[Europe/Amsterdam],134.880,52.181,46.5637,46.7223
2019-01-08T00:00+01:00[Europe/Amsterdam],135.260,52.934,49.9603,47.273
2019-01-09T00:00+01:00[Europe/Amsterdam],137.680,57.732,54.2823,50.2687
2019-01-10T00:00+01:00[Europe/Amsterdam],138.740,59.8335,56.8333,53.692
2019-01-11T00:00+01:00[Europe/Amsterdam],139.740,61.816,59.794,56.970
2019-01-14T00:00+01:00[Europe/Amsterdam],138,58.3665,60.0057,58.8777
2019-01-15T00:00+01:00[Europe/Amsterdam],138.5,59.3575,59.847,59.8823
2019-01-16T00:00+01:00[Europe/Amsterdam],138.600,59.556,59.0933,59.6487
2019-01-17T00:00+01:00[Europe/Amsterdam],136.280,54.9565,57.957,58.9657
2019-01-18T00:00+01:00[Europe/Amsterdam],138.400,59.1595,57.891,58.3137
2019-01-21T00:00+01:00[Europe/Amsterdam],142.240,66.7725,60.2963,58.7147
2019-01-22T00:00+01:00[Europe/Amsterdam],140.080,64.665,63.5323,60.573
2019-01-23T00:00+01:00[Europe/Amsterdam],134.5,51.676,61.038,61.6223
2019-01-24T00:00+01:00[Europe/Amsterdam],142.560,70.688,62.343,62.3043
2019-01-25T00:00+01:00[Europe/Amsterdam],148.240,84.0715,68.812,64.0643
2019-01-28T00:00+01:00[Europe/Amsterdam],149.900,87.983,80.9143,70.6897
2019-01-29T00:00+01:00[Europe/Amsterdam],151.060,90.7165,87.5907,79.1057
2019-01-30T00:00+01:00[Europe/Amsterdam],152.200,93.4025,90.701,86.402
2019-01-31T00:00+01:00[Europe/Amsterdam],151.240,91.1405,91.7533,90.015
2019-02-01T00:00+01:00[Europe/Amsterdam],152.960,95.193,93.2453,91.8997
2019-02-04T00:00+01:00[Europe/Amsterdam],155.400,97.7475,94.694,93.231
2019-02-05T00:00+01:00[Europe/Amsterdam],155.900,98.8515,97.2643,95.0677
2019-02-06T00:00+01:00[Europe/Amsterdam],158.300,99.5555,98.7183,96.892
2019-02-07T00:00+01:00[Europe/Amsterdam],160,94.2905,97.566,97.8497
2019-02-08T00:00+01:00[Europe/Amsterdam],156.660,88.6485,94.165,96.8163
2019-02-11T00:00+01:00[Europe/Amsterdam],158.160,91.1825,91.374,94.3683
2019-02-12T00:00+01:00[Europe/Amsterdam],159.200,92.939,90.9233,92.154
2019-02-13T00:00+01:00[Europe/Amsterdam],160.320,94.831,92.9843,91.7603
2019-02-14T00:00+01:00[Europe/Amsterdam],161.580,96.9595,94.910,92.9393
2019-02-15T00:00+01:00[Europe/Amsterdam],161.360,96.588,96.1263,94.6733
2019-02-18T00:00+01:00[Europe/Amsterdam],161.780,97.2975,96.9487,95.995
2019-02-19T00:00+01:00[Europe/Amsterdam],159.860,94.054,95.980,96.3517
2019-02-20T00:00+01:00[Europe/Amsterdam],159.800,93.9525,95.1017,96.0103
2019-02-21T00:00+01:00[Europe/Amsterdam],159.640,93.6825,93.8967,94.993
2019-02-22T00:00+01:00[Europe/Amsterdam],161.5,96.8245,94.820,94.606
2019-02-25T00:00+01:00[Europe/Amsterdam],163.680,99.569,96.692,95.1363
2019-02-26T00:00+01:00[Europe/Amsterdam],162.940,97.461,97.9517,96.488
2019-02-27T00:00+01:00[Europe/Amsterdam],160.180,92.969,96.6663,97.1033
2019-02-28T00:00+01:00[Europe/Amsterdam],157.060,87.8905,92.7737,95.7973
2019-03-01T00:00+01:00[Europe/Amsterdam],161.120,94.4985,91.7863,93.742
2019-03-04T00:00+01:00[Europe/Amsterdam],161.620,95.3125,92.5673,92.3757
2019-03-05T00:00+01:00[Europe/Amsterdam],162.400,96.582,95.4643,93.2727
2019-03-06T00:00+01:00[Europe/Amsterdam],160.680,93.7825,95.226,94.4193
2019-03-07T00:00+01:00[Europe/Amsterdam],158.360,89.9675,93.4443,94.7113
2019-03-08T00:00+01:00[Europe/Amsterdam],155.220,84.8365,89.529,92.733
2019-03-11T00:00+01:00[Europe/Amsterdam],157.920,89.2485,88.0177,90.3303
2019-03-12T00:00+01:00[Europe/Amsterdam],160.240,93.039,89.0413,88.8627
2019-03-13T00:00+01:00[Europe/Amsterdam],160.980,94.2485,92.179,89.746
2019-03-14T00:00+01:00[Europe/Amsterdam],160.640,93.5965,93.6283,91.616
2019-03-15T00:00+01:00[Europe/Amsterdam],162.520,96.3575,94.7343,93.5137
2019-03-18T00:00+01:00[Europe/Amsterdam],167.020,95.4605,95.1383,94.5003
2019-03-19T00:00+01:00[Europe/Amsterdam],167.300,95.9015,95.9067,95.260
2019-03-20T00:00+01:00[Europe/Amsterdam],166.180,94.136,95.166,95.4037
2019-03-21T00:00+01:00[Europe/Amsterdam],165.800,93.537,94.525,95.1993
2019-03-22T00:00+01:00[Europe/Amsterdam],166.720,94.1525,93.942,94.5443
2019-03-25T00:00+01:00[Europe/Amsterdam],163.160,88.645,92.1117,93.5263
2019-03-26T00:00+01:00[Europe/Amsterdam],163.680,89.4495,90.7493,92.2677
2019-03-27T00:00+01:00[Europe/Amsterdam],162.860,88.1805,88.7587,90.540
2019-03-28T00:00+01:00[Europe/Amsterdam],162.520,85.5435,87.7247,89.0777
2019-03-29T00:00+01:00[Europe/Amsterdam],164.040,88.297,87.3403,87.941
2019-04-01T00:00+02:00[Europe/Amsterdam],168.520,96.413,90.0847,88.3833
2019-04-02T00:00+02:00[Europe/Amsterdam],170.920,99.5155,94.742,90.7223
2019-04-03T00:00+02:00[Europe/Amsterdam],174.380,99.803,98.5773,94.468
2019-04-04T00:00+02:00[Europe/Amsterdam],175,98.668,99.329,97.5493
2019-04-05T00:00+02:00[Europe/Amsterdam],176.880,99.791,99.4207,99.109
2019-04-08T00:00+02:00[Europe/Amsterdam],178.720,99.460,99.3063,99.352
2019-04-09T00:00+02:00[Europe/Amsterdam],175.400,92.671,97.3073,98.678
2019-04-10T00:00+02:00[Europe/Amsterdam],177.100,95.306,95.8123,97.4753
2019-04-11T00:00+02:00[Europe/Amsterdam],173.740,88.159,92.0453,95.055
2019-04-12T00:00+02:00[Europe/Amsterdam],175.300,90.985,91.4833,93.1137
2019-04-15T00:00+02:00[Europe/Amsterdam],176.340,92.721,90.6217,91.3837
2019-04-16T00:00+02:00[Europe/Amsterdam],175.700,91.199,91.635,91.2467
2019-04-17T00:00+02:00[Europe/Amsterdam],178.240,92.0405,91.987,91.4147
2019-04-18T00:00+02:00[Europe/Amsterdam],178,91.5325,91.591,91.7377
2019-04-23T00:00+02:00[Europe/Amsterdam],181.480,98.858,94.1437,92.574
2019-04-24T00:00+02:00[Europe/Amsterdam],182.160,99.583,96.658,94.131
2019-04-25T00:00+02:00[Europe/Amsterdam],183.120,95.781,98.074,96.292
2019-04-26T00:00+02:00[Europe/Amsterdam],181.900,93.5235,96.296,97.0093
2019-04-29T00:00+02:00[Europe/Amsterdam],183.540,96.558,95.2877,96.5527
2019-04-30T00:00+02:00[Europe/Amsterdam],183.760,96.965,95.6823,95.7553
2019-05-02T00:00+02:00[Europe/Amsterdam],183.580,96.632,96.7183,95.896
2019-05-03T00:00+02:00[Europe/Amsterdam],184.300,97.9645,97.1873,96.5293
2019-05-06T00:00+02:00[Europe/Amsterdam],179.060,88.268,94.2883,96.0647
2019-05-07T00:00+02:00[Europe/Amsterdam],178.480,87.1945,91.1427,94.2063
2019-05-08T00:00+02:00[Europe/Amsterdam],178.060,86.4175,87.2937,90.9083
2019-05-09T00:00+02:00[Europe/Amsterdam],173.480,77.9425,83.8517,87.4293
2019-05-10T00:00+02:00[Europe/Amsterdam],174.400,79.6445,81.335,84.160
2019-05-13T00:00+02:00[Europe/Amsterdam],170.360,72.169,76.5853,80.5907
2019-05-14T00:00+02:00[Europe/Amsterdam],171.280,73.871,75.2283,77.716
2019-05-15T00:00+02:00[Europe/Amsterdam],174,78.9045,74.9817,75.5987
2019-05-16T00:00+02:00[Europe/Amsterdam],176.940,84.345,79.0403,76.4167
2019-05-17T00:00+02:00[Europe/Amsterdam],180.060,90.1185,84.4563,79.4927
2019-05-20T00:00+02:00[Europe/Amsterdam],170.660,72.724,82.396,81.9643
2019-05-21T00:00+02:00[Europe/Amsterdam],172.080,75.3515,79.3983,82.0833
2019-05-22T00:00+02:00[Europe/Amsterdam],170.340,68.599,72.225,78.0063
2019-05-23T00:00+02:00[Europe/Amsterdam],168,62.174,68.7083,73.4437
2019-05-24T00:00+02:00[Europe/Amsterdam],169.660,65.4825,65.4187,68.784
2019-05-27T00:00+02:00[Europe/Amsterdam],171.340,68.5035,65.387,66.5047
2019-05-28T00:00+02:00[Europe/Amsterdam],170.860,64.777,66.2543,65.6867
2019-05-29T00:00+02:00[Europe/Amsterdam],168.380,58.7695,64.017,65.2193
2019-05-30T00:00+02:00[Europe/Amsterdam],169.040,60.368,61.305,63.8587
2019-05-31T00:00+02:00[Europe/Amsterdam],168,57.849,58.9957,61.4393
2019-06-03T00:00+02:00[Europe/Amsterdam],166.340,53.8275,57.3483,59.2163
2019-06-04T00:00+02:00[Europe/Amsterdam],165.040,50.6785,54.1187,56.821
2019-06-05T00:00+02:00[Europe/Amsterdam],167.820,57.413,53.973,55.1467
2019-06-06T00:00+02:00[Europe/Amsterdam],168.280,58.527,55.5397,54.544
2019-06-07T00:00+02:00[Europe/Amsterdam],170.700,64.3895,60.110,56.541
2019-06-10T00:00+02:00[Europe/Amsterdam],172.960,69.8645,64.2607,59.9703
2019-06-11T00:00+02:00[Europe/Amsterdam],176.080,74.3955,69.550,64.6403
2019-06-12T00:00+02:00[Europe/Amsterdam],174.420,66.3605,70.207,68.006
2019-06-13T00:00+02:00[Europe/Amsterdam],172.960,61.8875,67.548,69.1017
2019-06-14T00:00+02:00[Europe/Amsterdam],167.860,46.2623,58.170,65.3083
2019-06-17T00:00+02:00[Europe/Amsterdam],170.380,53.983,54.0443,59.9207
2019-06-18T00:00+02:00[Europe/Amsterdam],166.320,41.5441,47.263,53.159
2019-06-19T00:00+02:00[Europe/Amsterdam],174.160,65.564,53.697,51.668
2019-06-20T00:00+02:00[Europe/Amsterdam],176.380,72.365,59.8243,53.5947
2019-06-21T00:00+02:00[Europe/Amsterdam],176.820,73.7135,70.5477,61.3563
2019-06-24T00:00+02:00[Europe/Amsterdam],177.480,75.7355,73.9383,68.1033
2019-06-25T00:00+02:00[Europe/Amsterdam],177.120,74.6325,74.694,73.060
2019-06-26T00:00+02:00[Europe/Amsterdam],176.820,73.7135,74.694,74.442
2019-06-27T00:00+02:00[Europe/Amsterdam],178.600,79.1665,75.8377,75.0753
2019-06-28T00:00+02:00[Europe/Amsterdam],179.560,82.108,78.3293,76.287
2019-07-01T00:00+02:00[Europe/Amsterdam],188.660,98.901,86.7253,80.2973
2019-07-02T00:00+02:00[Europe/Amsterdam],189.080,97.4835,92.831,85.962
2019-07-03T00:00+02:00[Europe/Amsterdam],188.860,96.961,97.782,92.446
2019-07-04T00:00+02:00[Europe/Amsterdam],188.900,96.5695,97.005,95.8727
2019-07-05T00:00+02:00[Europe/Amsterdam],184.720,86.748,93.4263,96.071
2019-07-08T00:00+02:00[Europe/Amsterdam],184.200,85.5265,89.615,93.3487
2019-07-09T00:00+02:00[Europe/Amsterdam],182.740,82.096,84.7903,89.277
2019-07-10T00:00+02:00[Europe/Amsterdam],183.360,83.5525,83.7253,86.0433
2019-07-11T00:00+02:00[Europe/Amsterdam],184.300,85.7615,83.8037,84.1067
2019-07-12T00:00+02:00[Europe/Amsterdam],184.240,85.6205,84.9783,84.169
2019-07-15T00:00+02:00[Europe/Amsterdam],183.460,83.7875,85.0567,84.613
2019-07-16T00:00+02:00[Europe/Amsterdam],182.140,80.686,83.3647,84.4667
2019-07-17T00:00+02:00[Europe/Amsterdam],185,87.406,83.960,84.127
2019-07-18T00:00+02:00[Europe/Amsterdam],193.160,99.793,89.295,85.540
2019-07-19T00:00+02:00[Europe/Amsterdam],198.440,94.593,93.9307,89.062
2019-07-22T00:00+02:00[Europe/Amsterdam],198.660,94.927,96.4377,93.2213
2019-07-23T00:00+02:00[Europe/Amsterdam],204.150,99.646,96.3887,95.5857
2019-07-24T00:00+02:00[Europe/Amsterdam],205.550,98.7305,97.768,96.8647
2019-07-25T00:00+02:00[Europe/Amsterdam],206,95.223,97.8667,97.3413
2019-07-26T00:00+02:00[Europe/Amsterdam],207.200,96.693,96.8823,97.5057
2019-07-29T00:00+02:00[Europe/Amsterdam],206.050,95.284,95.7333,96.8273
2019-07-30T00:00+02:00[Europe/Amsterdam],203.550,92.222,94.733,95.783
2019-07-31T00:00+02:00[Europe/Amsterdam],202.800,91.3035,92.9367,94.4677
2019-08-01T00:00+02:00[Europe/Amsterdam],200,87.8735,90.4667,92.7123
2019-08-02T00:00+02:00[Europe/Amsterdam],196.540,83.6355,87.6043,90.3357
2019-08-05T00:00+02:00[Europe/Amsterdam],190.460,76.188,82.5657,86.879
2019-08-06T00:00+02:00[Europe/Amsterdam],190.020,75.649,78.491,82.887
2019-08-07T00:00+02:00[Europe/Amsterdam],189.080,74.498,75.445,78.834
2019-08-08T00:00+02:00[Europe/Amsterdam],192.860,79.128,76.425,76.787
2019-08-09T00:00+02:00[Europe/Amsterdam],190.280,75.9675,76.5313,76.1337
2019-08-12T00:00+02:00[Europe/Amsterdam],190.920,76.7515,77.2827,76.7463
2019-08-13T00:00+02:00[Europe/Amsterdam],188.340,72.472,75.0637,76.2927
2019-08-14T00:00+02:00[Europe/Amsterdam],185.660,68.454,72.5593,74.9683
2019-08-15T00:00+02:00[Europe/Amsterdam],185,67.0985,69.3417,72.3217
2019-08-16T00:00+02:00[Europe/Amsterdam],188.740,72.040,69.1977,70.3663
2019-08-19T00:00+02:00[Europe/Amsterdam],193.180,77.907,72.3487,70.296
2019-08-20T00:00+02:00[Europe/Amsterdam],193.240,77.9865,75.978,72.508
2019-08-21T00:00+02:00[Europe/Amsterdam],193.820,78.7525,78.2157,75.5143
2019-08-22T00:00+02:00[Europe/Amsterdam],192.820,77.4315,78.057,77.417
2019-08-23T00:00+02:00[Europe/Amsterdam],190.160,73.694,76.626,77.633
2019-08-26T00:00+02:00[Europe/Amsterdam],188.900,70.4225,73.8497,76.1777
2019-08-27T00:00+02:00[Europe/Amsterdam],190.700,72.093,72.070,74.182
2019-08-28T00:00+02:00[Europe/Amsterdam],191.080,69.606,70.7073,72.209
2019-08-29T00:00+02:00[Europe/Amsterdam],193.980,74.2895,71.9963,71.591
2019-08-30T00:00+02:00[Europe/Amsterdam],200.450,84.619,76.1717,72.9587
2019-09-02T00:00+02:00[Europe/Amsterdam],200.050,83.968,80.959,76.3757
2019-09-03T00:00+02:00[Europe/Amsterdam],199.300,81.973,83.520,80.217
2019-09-04T00:00+02:00[Europe/Amsterdam],202.800,87.5875,84.5097,82.9963
2019-09-05T00:00+02:00[Europe/Amsterdam],207.650,95.616,88.3923,85.474
2019-09-06T00:00+02:00[Europe/Amsterdam],214.150,99.832,94.3453,89.0823
